Dominio,Categoría,URL Final (Slug),H1 Título,Meta Descripción,Moneda,País,Aeropuerto,Historia Local
http://dinastiabulldogfluffy.com,venta,bulldog-frances-fluffy-bogota,Bulldog Francés Fluffy en Bogotá,"Venta de cachorros Bulldog Francés Fluffy en Bogotá. Criadero especializado con pelaje largo (gen L4/L1), pedigree de pureza y garantía de salud.",USD,Colombia,Aeropuerto Internacional El Dorado (BOG),"El Bulldog Francés Fluffy ha encontrado un hogar ideal en Bogotá, Colombia, donde su abrigado y majestuoso manto se adapta de maravilla a las temperaturas frescas de la sabana bogotana. En zonas residenciales como Rosales, Usaquén o el Parque El Virrey, esta variedad destaca por su melena sedosa y exuberante, fruto directo de la expresión genética del gen L4/L1. Como especialistas en la raza, garantizamos ejemplares de linaje puro avalados por pedigree oficial de registro. Cada cachorro es entregado con su esquema completo de vacunación al día, desparasitación completa y garantía escrita de salud. Además, gestionamos un impecable servicio de transporte VIP con supervisión personalizada que culmina con una recepción segura y puntual en el Aeropuerto Internacional El Dorado (BOG)."
http://dinastiabulldogfluffy.com,venta,bulldog-frances-fluffy-medellin,Bulldog Francés Fluffy en Medellín,"Encuentra cachorros Bulldog Francés Fluffy en Medellín. Ejemplares puros de lujo con pelo sedoso (gen L4/L1), pedigree oficial y envíos seguros.",USD,Colombia,Aeropuerto Internacional José María Córdova (MDE),"Dar la bienvenida a un Bulldog Francés Fluffy en Medellín, Colombia, es sumar distinción y ternura al hogar en la Ciudad de la Eterna Primavera. Su fabuloso pelaje largo y sedoso, desarrollado a partir de la portación verificada de los alelos L1 y L4, luce radiante durante los paseos por vecindarios como El Poblado o Laureles. La raza destaca por su formidable adaptabilidad tanto a la convivencia en apartamentos modernos como al clima templado antioqueño. Criamos con rigurosa solvencia kinológica, entregando a cada ejemplar con pedigree oficial de pureza genéticamente autenticado, esquema completo de vacunación firmado por médico veterinario y garantía escrita de salud. Nuestro protocolo de envío VIP asegura un viaje sin estrés con arribo al Aeropuerto Internacional José María Córdova (MDE)."
http://dinastiabulldogfluffy.com,venta,bulldog-frances-fluffy-cali,Bulldog Francés Fluffy en Cali,"Venta de cachorros Bulldog Francés Fluffy en Cali. Criadero especializado con pelaje largo (gen L4/L1), pedigree de pureza y garantía de salud.",USD,Colombia,Aeropuerto Internacional Alfonso Bonilla Aragón (CLO),"En la cálida y vibrante ciudad de Cali, Colombia, el Bulldog Francés Fluffy se ha posicionado como el compañero de vida más codiciado. Gracias a su temperamento afable y equilibrado, se aclimata sin complicaciones a departamentos con aire acondicionado en sectores como Ciudad Jardín o Granada, disfrutando de caminatas matutinas cerca de las brisas del Valle. Su excepcional manto suave y denso proviene de la comprobada variante genómica L4/L1 del pelo largo, respaldada por un pedigree oficial que certifica su alcurnia. Aseguramos la máxima tranquilidad de los propietarios brindando una garantía escrita de salud, esquema completo de vacunación y desparasitaciones al corriente, y un exclusivo traslado VIP diseñado para aterrizar con total seguridad en el Aeropuerto Internacional Alfonso Bonilla Aragón (CLO)."
http://dinastiabulldogfluffy.com,venta,bulldog-frances-fluffy-barranquilla,Bulldog Francés Fluffy en Barranquilla,"Encuentra cachorros Bulldog Francés Fluffy en Barranquilla. Ejemplares puros de lujo con pelo sedoso (gen L4/L1), pedigree oficial y envíos seguros.",USD,Colombia,Aeropuerto Internacional Ernesto Cortissoz (BAQ),"La llegada del Bulldog Francés Fluffy a Barranquilla, Colombia, representa la fusión entre exclusividad canina y calidez de hogar. Este ejemplar de carácter dulce y alegre se adapta perfectamente a la vida en interiores climatizados de barrios como Alto Prado o Riomar, así como a apacibles recorridos al atardecer por el Gran Malecón. Su apariencia física es inconfundible gracias a la portación del gen L4/L1, responsable de esa textura capilar larga, brillante y sumamente sedosa. Respaldamos cada crianza con pedigree oficial certificado por escrito. Entregamos a los cachorros con su esquema completo de vacunación al día, desparasitación metódica, garantía escrita de salud y un sistema de transporte VIP climatizado con llegada directa al Aeropuerto Internacional Ernesto Cortissoz (BAQ)."
http://dinastiabulldogfluffy.com,venta,bulldog-frances-fluffy-cartagena,Bulldog Francés Fluffy en Cartagena,"Venta de cachorros Bulldog Francés Fluffy en Cartagena. Criadero especializado con pelaje largo (gen L4/L1), pedigree de pureza y garantía de salud.",USD,Colombia,Aeropuerto Internacional Rafael Núñez (CTG),"Integrar un Bulldog Francés Fluffy a la vida en Cartagena, Colombia, es disfrutar del encanto caribeño con una mascota de alta categoría. Su naturaleza amigable y compacta favorece una fantástica adaptación a condominios y apartamentos en Bocagrande, Castillogrande o el histórico Centro Amurallado, mantenidos a temperatura fresca. La belleza de su pelaje ondulado y suave radica en la presencia genéticamente testada de los marcadores L4 y L1, acreditada formalmente mediante su certificado genético y pedigree oficial. Priorizamos el bienestar animal ofreciendo garantía escrita de salud, cartilla sanitaria con esquema completo de vacunación para la edad y un cuidadoso itinerario de viaje VIP hacia el Aeropuerto Internacional Rafael Núñez (CTG)."
http://dinastiabulldogfluffy.com,venta,bulldog-frances-fluffy-cdmx,Bulldog Francés Fluffy en CDMX,"Encuentra cachorros Bulldog Francés Fluffy en CDMX. Ejemplares puros de lujo con pelo sedoso (gen L4/L1), pedigree oficial y envíos seguros.",MXN,México,Aeropuerto Internacional Benito Juárez (MEX),"En el corazón palpitante de CDMX, México, el Bulldog Francés Fluffy es el absoluto protagonista de la vida urbana refinada. Su excelente conducta y tamaño proporcionado lo convierten en el habitante ideal de departamentos en áreas exclusivas como Polanco, Roma Norte o la Condesa, siendo perfecto para recorridos tranquilos por el Parque México. La singular melena que lo distingue responde a la portación específica de la variante genética del gen L4/L1, conservando la tipicidad racial avalada por un pedigree oficial de linaje puro. Garantizamos la salud de cada cachorro mediante certificado veterinario con esquema completo de vacunación y desparasitación al día, garantía escrita de salud y un servicio de envío VIP coordinado con llegada prioritaria al Aeropuerto Internacional Benito Juárez (MEX)."
http://dinastiabulldogfluffy.com,venta,bulldog-frances-fluffy-guadalajara,Bulldog Francés Fluffy en Guadalajara,"Venta de cachorros Bulldog Francés Fluffy en Guadalajara. Criadero especializado con pelaje largo (gen L4/L1), pedigree de pureza y garantía de salud.",MXN,México,Aeropuerto Internacional de Guadalajara (GDL),"En la Perla Tapatía, Guadalajara, México, el Bulldog Francés Fluffy cautiva a las familias por su docilidad y distinguido aspecto. Su convivencia es sumamente armoniosa en residencias y departamentos de vecindarios como Providencia o Puerta de Hierro, disfrutando de paseos por las sombras del Parque Colomos. El denso y sedoso pelo que caracteriza a la variedad Fluffy es el resultado directo de los alelos L1/L4 cuidadosamente seleccionados en nuestro programa de crianza, cada uno registrado con pedigree oficial de pureza racial. Otorgamos total respaldo sanitario con esquema completo de vacunación, desparasitaciones registradas, garantía escrita de salud y un protocolo de transporte VIP supervisado con aterrizaje en el Aeropuerto Internacional de Guadalajara (GDL)."
http://dinastiabulldogfluffy.com,venta,bulldog-frances-fluffy-monterrey,Bulldog Francés Fluffy en Monterrey,"Encuentra cachorros Bulldog Francés Fluffy en Monterrey. Ejemplares puros de lujo con pelo sedoso (gen L4/L1), pedigree oficial y envíos seguros.",MXN,México,Aeropuerto Internacional de Monterrey (MTY),"Para los hogares de Monterrey, México, el Bulldog Francés Fluffy personifica el lujo y la compañía leal por excelencia. Frente al clima extremo del norte, estos cachorros se adaptan sin esfuerzo a ambientes confortables y climatizados en zonas como San Pedro Garza García o Valle Oriente. Su pelo largo, denso y suave al tacto proviene de la combinación del gen L4/L1, cuya autenticidad certificamos mediante estudios genéticos y su certificado de pedigree oficial. Entregamos a cada ejemplar con su esquema completo de vacunación al corriente, garantía escrita de salud frente a anomalías de nacimiento y un traslado de categoría VIP con destino directo al Aeropuerto Internacional de Monterrey (MTY)."
http://dinastiabulldogfluffy.com,venta,bulldog-frances-fluffy-puebla,Bulldog Francés Fluffy en Puebla,"Venta de cachorros Bulldog Francés Fluffy en Puebla. Criadero especializado con pelaje largo (gen L4/L1), pedigree de pureza y garantía de salud.",MXN,México,Aeropuerto Internacional de Puebla (PBC),"El acogedor clima de Puebla, México, brinda el escenario perfecto para el desarrollo de un Bulldog Francés Fluffy. En entornos residenciales de vanguardia como Angelópolis o La Paz, este canino sobresale por su temperamento sereno y su facilidad para adaptarse a la vida en departamento. La elegancia de su pelaje fluido y aterciopelado está determinada por los genes de pelo largo L4 y L1, respaldados institucionalmente por un pedigree oficial que constata su pureza de sangre. Cada entrega se realiza bajo rigurosas pautas profesionales: esquema completo de vacunación, desparasitación interna y externa, garantía escrita de salud y logística de transporte VIP hacia el Aeropuerto Internacional de Puebla (PBC)."
http://dinastiabulldogfluffy.com,venta,bulldog-frances-fluffy-toluca,Bulldog Francés Fluffy en Toluca,"Encuentra cachorros Bulldog Francés Fluffy en Toluca. Ejemplares puros de lujo con pelo sedoso (gen L4/L1), pedigree oficial y envíos seguros.",MXN,México,Aeropuerto Internacional de Toluca (TLC),"Las mañanas frescas de Toluca, México, son ideales para el abrigo natural que ofrece el espectacular pelaje del Bulldog Francés Fluffy. Tanto en fraccionamientos de Metepec como en áreas urbanas toluqueñas, su carácter dócil y su estructura robusta enamoran a primera vista. La suntuosa capa de pelo largo y brillante es producto de la homocigosis o heterocigosis de las variantes L4/L1, autenticadas en su certificado de pedigree oficial. Velamos por la tranquilidad de las familias entregando a cada cachorro con su carnet médico con esquema completo de vacunación al corriente, desparasitado, con garantía escrita de salud y transporte VIP de primera línea hasta el Aeropuerto Internacional de Toluca (TLC)."
http://dinastiabulldogfluffy.com,venta,bulldog-frances-fluffy-tijuana,Bulldog Francés Fluffy en Tijuana,"Venta de cachorros Bulldog Francés Fluffy en Tijuana. Criadero especializado con pelaje largo (gen L4/L1), pedigree de pureza y garantía de salud.",MXN,México,Aeropuerto Internacional de Tijuana (TIJ),"En la dinámica ciudad fronteriza de Tijuana, México, el Bulldog Francés Fluffy se ha consolidado como un símbolo de distinción y afecto familiar. Su temperamento equilibrado le permite disfrutar plenamente de la vida en departamentos modernos de Zona Río o paseos con brisa marina en Playas de Tijuana. Su suntuoso manto de fibra capilar sedosa se debe a la herencia del gen de pelo largo en sus variantes L4 y L1, respaldado por un pedigree oficial de pureza reconocido internacionalmente. Cada ejemplar se entrega con su esquema completo de vacunación, garantía escrita de salud y un itinerario de traslado VIP que garantiza su llegada fresca y segura a través del Aeropuerto Internacional de Tijuana (TIJ)."
http://dinastiabulldogfluffy.com,venta,bulldog-frances-fluffy-leon,Bulldog Francés Fluffy en León,"Encuentra cachorros Bulldog Francés Fluffy en León. Ejemplares puros de lujo con pelo sedoso (gen L4/L1), pedigree oficial y envíos seguros.",MXN,México,Aeropuerto Internacional del Bajío (BJX),"La próspera ciudad de León, México, recibe con entusiasmo al Bulldog Francés Fluffy, una raza de compañía inigualable por su dulzura y nobleza. Su adaptación es sensacional en condominios residenciales de zonas como El Molino o Gran Jardín, integrándose con soltura a la rutina familiar. La exuberante textura de su pelo sedoso se origina en el genotipo L4/L1, seleccionado con la máxima rigurosidad biológica y acreditado mediante pedigree oficial de pureza racial. Comprometidos con la salud animal, adjuntamos garantía escrita de salud, esquema completo de vacunación y desparasitación al día, junto a un servicio de envío VIP de alta seguridad con llegada al Aeropuerto Internacional del Bajío (BJX)."
http://dinastiabulldogfluffy.com,venta,bulldog-frances-fluffy-ciudad-juarez,Bulldog Francés Fluffy en Ciudad Juárez,"Venta de cachorros Bulldog Francés Fluffy en Ciudad Juárez. Criadero especializado con pelaje largo (gen L4/L1), pedigree de pureza y garantía de salud.",MXN,México,Aeropuerto Internacional Abraham González (CJS),"En Ciudad Juárez, México, contar con un Bulldog Francés Fluffy transforma el ambiente del hogar en un espacio lleno de calidez y alegría. Su tamaño compacto y temperamento pacífico se ajustan magníficamente al estilo de vida de interiores acondicionados, indispensables para el clima desértico. El rasgo más sobresaliente de esta variedad es su suave melena, producto genético de los alelos L4/L1 del pelo largo, respaldada en todo momento por su árbol genealógico en el pedigree oficial. Aseguramos la entrega responsable con esquema completo de vacunación al corriente, garantía escrita de salud y un protocolo de vuelo VIP especializado directo al Aeropuerto Internacional Abraham González (CJS)."
http://dinastiabulldogfluffy.com,venta,bulldog-frances-fluffy-torreon,Bulldog Francés Fluffy en Torreón,"Encuentra cachorros Bulldog Francés Fluffy en Torreón. Ejemplares puros de lujo con pelo sedoso (gen L4/L1), pedigree oficial y envíos seguros.",MXN,México,Aeropuerto Internacional de Torreón (TRC),"El ambiente acogedor de Torreón, México, en la Comarca Lagunera, es ideal para disfrutar de la compañía de un Bulldog Francés Fluffy. Su capacidad de adaptación a espacios residenciales climatizados en áreas como Las Villas o Senderos garantiza su total bienestar diario. La frondosa y sedosa capa de pelo que lo caracteriza es el resultado de la expresión del gen L4/L1, verificado en laboratorio para asegurar la pureza genética que acredita su pedigree oficial. Entregamos a tu nuevo compañero con su esquema completo de vacunación al día, garantía escrita de salud y un servicio de traslado VIP enfocado en su confort hacia el Aeropuerto Internacional de Torreón (TRC)."
http://dinastiabulldogfluffy.com,venta,bulldog-frances-fluffy-queretaro,Bulldog Francés Fluffy en Querétaro,"Venta de cachorros Bulldog Francés Fluffy en Querétaro. Criadero especializado con pelaje largo (gen L4/L1), pedigree de pureza y garantía de salud.",MXN,México,Aeropuerto Intercontinental de Querétaro (QRO),"La histórica y moderna Querétaro, México, ofrece un entorno espléndido para la crianza y convivencia con el Bulldog Francés Fluffy. Su temperamento juguetón y equilibrado brilla en departamentos y casas de zonas como Juriquilla, Milenio III o El Campanario. El distinguido pelo largo y suave de esta línea genética proviene de los marcadores L4 y L1, conservando la conformación física deseada y avalada con su pedigree oficial de pureza racial. Brindamos la máxima confianza mediante esquema completo de vacunación al día, garantía escrita de salud y una coordinación logística de transporte VIP personalizada hacia el Aeropuerto Intercontinental de Querétaro (QRO)."
http://dinastiabulldogfluffy.com,venta,bulldog-frances-fluffy-san-luis-potosi,Bulldog Francés Fluffy en San Luis Potosí,"Encuentra cachorros Bulldog Francés Fluffy en San Luis Potosí. Ejemplares puros de lujo con pelo sedoso (gen L4/L1), pedigree oficial y envíos seguros.",MXN,México,Aeropuerto Internacional de San Luis Potosí (SLP),"En el vibrante altiplano de San Luis Potosí, México, el Bulldog Francés Fluffy es admirado por su carácter entrañable y su estética sin igual. Posee una adaptabilidad extraordinaria para la vida en fraccionamientos como Lomas o Chapultepec, desenvolviéndose con soltura tanto en interiores como en paseos tranquilos. El pelaje mullido y sedoso de esta variedad es consecuencia directa de la combinación genotípica L4/L1, certificada legalmente con su pedigree oficial. Protegemos a tu cachorro entregándolo con su esquema completo de vacunación al día, desparasitación completa, garantía escrita de salud y traslado de categoría VIP hasta el Aeropuerto Internacional de San Luis Potosí (SLP)."
http://dinastiabulldogfluffy.com,venta,bulldog-frances-fluffy-merida,Bulldog Francés Fluffy en Mérida,"Venta de cachorros Bulldog Francés Fluffy en Mérida. Criadero especializado con pelaje largo (gen L4/L1), pedigree de pureza y garantía de salud.",MXN,México,Aeropuerto Internacional de Mérida (MID),"En la serena y cálida Mérida, México, el Bulldog Francés Fluffy es sinónimo de elegancia y compañía de lujo. Gracias a su porte compacto y comportamiento sosegado, se adapta maravillosamente a residencias frescas y climatizadas en colonias como Altabrisa o Temozón Norte. El espectacular manto largo y sedoso de estos ejemplares es fruto de la presencia probada del gen L4/L1, avalado por un pedigree oficial que confirma la máxima pureza de sangre. Garantizamos la salud del cachorro con un esquema completo de vacunación al día, garantía escrita de salud y un transporte VIP con control de temperatura hasta el Aeropuerto Internacional de Mérida (MID)."
http://dinastiabulldogfluffy.com,venta,bulldog-frances-fluffy-aguascalientes,Bulldog Francés Fluffy en Aguascalientes,"Encuentra cachorros Bulldog Francés Fluffy en Aguascalientes. Ejemplares puros de lujo con pelo sedoso (gen L4/L1), pedigree oficial y envíos seguros.",MXN,México,Aeropuerto Internacional de Aguascalientes (AGU),"En la próspera ciudad de Aguascalientes, México, el Bulldog Francés Fluffy destaca como el integrante ideal para familias que aprecian la exclusividad. Su comportamiento calmo y cariñoso le permite adaptarse con facilidad a condominios residenciales en Bosques o Campestre y a caminatas por parques locales. El pelaje sedoso y exuberante se debe a la selección genética de la variante de pelo largo L4 y L1, la cual se entrega debidamente certificada con pedigree oficial de linaje puro. Otorgamos absoluta garantía escrita de salud, carnet con esquema completo de vacunación al día y un cuidado procedimiento de transporte VIP con llegada al Aeropuerto Internacional de Aguascalientes (AGU)."
http://dinastiabulldogfluffy.com,venta,bulldog-frances-fluffy-hermosillo,Bulldog Francés Fluffy en Hermosillo,"Venta de cachorros Bulldog Francés Fluffy en Hermosillo. Criadero especializado con pelaje largo (gen L4/L1), pedigree de pureza y garantía de salud.",MXN,México,Aeropuerto Internacional General Ignacio Pesqueira García (HMO),"Para los hogares de Hermosillo, México, el Bulldog Francés Fluffy aporta una cuota inestimable de cariño y sofisticación. Su excelente convivencia en espacios interiores climatizados de zonas como Pitic o Grand Gourmet asegura su total tranquilidad frente al clima del noroeste. El brillante y afelpado manto largo de la variedad Fluffy está sustentado genéticamente por la variante L4/L1, contando con pedigree oficial de pureza racial que acredita su estirpe. Cada cachorro inicia su vida familiar respaldado por un esquema completo de vacunación al día, garantía escrita de salud e itinerario de traslado VIP monitoreado directo al Aeropuerto Internacional General Ignacio Pesqueira García (HMO)."
http://dinastiabulldogfluffy.com,venta,bulldog-frances-fluffy-saltillo,Bulldog Francés Fluffy en Saltillo,"Encuentra cachorros Bulldog Francés Fluffy en Saltillo. Ejemplares puros de lujo con pelo sedoso (gen L4/L1), pedigree oficial y envíos seguros.",MXN,México,Aeropuerto Internacional de Saltillo (SLW),"La encantadora ciudad de Saltillo, México, brinda un ambiente apacible para el disfrute diario junto a un Bulldog Francés Fluffy. Su fino pelaje largo y denso resulta ideal para el clima de meseta, adaptándose estupendamente a residencias en San Patricio o Los Alpes. Esta variante genética, caracterizada por la portación de los alelos L4 y L1, proporciona una textura sedosa única, respaldada de manera oficial con su pedigree oficial de linaje comprobado. Aseguramos el bienestar del nuevo integrante entregándolo con esquema completo de vacunación al día, garantía escrita de salud y un protocolo de transporte VIP gestionado con llegada segura al Aeropuerto Internacional de Saltillo (SLW)."
http://dinastiabulldogfluffy.com,venta,bulldog-frances-fluffy-san-jose,Bulldog Francés Fluffy en San José,"Venta de cachorros Bulldog Francés Fluffy en San José. Criadero especializado con pelaje largo (gen L4/L1), pedigree de pureza y garantía de salud.",CRC,Costa Rica,Aeropuerto Internacional Juan Santamaría (SJO),"En la verde y próspera ciudad de San José, Costa Rica, el Bulldog Francés Fluffy es la opción preferida por quienes buscan un compañero de vida distinguido. Su carácter noble y cariñoso se acopla en perfecta armonía al clima templado del Valle Central y a la vida urbana en apartamentos de Escazú, Santa Ana o Rohrmoser. El manto abrumadoramente suave y largo se debe a la expresión científica del gen L4/L1, documentado mediante pedigree oficial que avala la pureza de raza. Ofrecemos total respaldo sanitario con esquema completo de vacunación al día, desparasitación al corriente, garantía escrita de salud y traslado de clase VIP en vuelo con destino al Aeropuerto Internacional Juan Santamaría (SJO)."
http://dinastiabulldogfluffy.com,venta,bulldog-frances-fluffy-alajuela,Bulldog Francés Fluffy en Alajuela,"Encuentra cachorros Bulldog Francés Fluffy en Alajuela. Ejemplares puros de lujo con pelo sedoso (gen L4/L1), pedigree oficial y envíos seguros.",CRC,Costa Rica,Aeropuerto Internacional Juan Santamaría (SJO),"Criar un Bulldog Francés Fluffy en Alajuela, Costa Rica, exige una comprensión profunda del estilo de vida del valle central. Conocidos cariñosamente por su impresionante manto sedoso producto de la mutación autosómica recesiva del gen L4/L1, estos ejemplares exóticos destacan por su pelaje largo, mullido y de una textura incomparable. Su temperamento sereno y adaptable les permite aclimatarse perfectamente tanto en condominios contemporáneos como en residencias con amplio jardín en Alajuela. Garantizamos el traslado mediante nuestro servicio exclusivo de transporte VIP, aterrizando de manera óptima en el Aeropuerto Internacional Juan Santamaría (SJO). Como criadores especializados, entregamos cada cachorro respaldado por su certificado de pedigree de pureza racial, esquema de inmunización y vacunación completo, desparasitación al día y garantías sanitarias por escrito."
http://dinastiabulldogfluffy.com,venta,bulldog-frances-fluffy-cartago,Bulldog Francés Fluffy en Cartago,"Venta de cachorros Bulldog Francés Fluffy en Cartago. Criadero especializado con pelaje largo (gen L4/L1), pedigree de pureza y garantía de salud.",CRC,Costa Rica,Aeropuerto Internacional Juan Santamaría (SJO),"La elegante y fresca ciudad de Cartago, Costa Rica, ofrece el escenario ideal para el bienestar de un Bulldog Francés Fluffy. Esta icónica variedad canina debe su distintiva melena sedosa a la presencia comprobada de las variantes genéticas L4 o L1, responsables de su suave y denso pelaje de pelo largo. Su naturaleza afectuosa, equilibrada y limpia hace que se ajuste de forma impecable al entorno hogareño y familiar cartaginés, disfrutando tanto de interiores acogedores como de paseos por vecindarios residenciales. Coordinamos personalmente la logística del envío VIP hasta el Aeropuerto Internacional Juan Santamaría (SJO), resguardando su salud en todo momento. Cada ejemplar se entrega con documentación oficial de pedigree, garantías de salud firmadas, microchip e inmunizaciones estructurales al 100%."
http://dinastiabulldogfluffy.com,venta,bulldog-frances-fluffy-heredia,Bulldog Francés Fluffy en Heredia,"Encuentra cachorros Bulldog Francés Fluffy en Heredia. Ejemplares puros de lujo con pelo sedoso (gen L4/L1), pedigree oficial y envíos seguros.",CRC,Costa Rica,Aeropuerto Internacional Juan Santamaría (SJO),"Incorporar un cachorro Bulldog Francés Fluffy en Heredia, Costa Rica, representa sumar distinción y compañía leal a cualquier hogar. La genética de esta línea exclusiva resalta por la doble copia del gen de pelo largo L4/L1, otorgándole una capa de pelo esponjoso, brillante y excepcionalmente suave al tacto. Por su carácter dócil y moderada exigencia física, florece en el estilo de vida vertical de los modernos apartamentos y áreas residenciales de Heredia. Aseguramos un itinerario de vuelo VIP sin estrés con arribo coordinado en el Aeropuerto Internacional Juan Santamaría (SJO). Respaldamos la excelencia de nuestro criadero proporcionando esquemas sanitarios de vacunación rigurosamente supervisados, certificados veterinarios de salud y pedigree genético oficial."
http://dinastiabulldogfluffy.com,venta,bulldog-frances-fluffy-puntarenas,Bulldog Francés Fluffy en Puntarenas,"Venta de cachorros Bulldog Francés Fluffy en Puntarenas. Criadero especializado con pelaje largo (gen L4/L1), pedigree de pureza y garantía de salud.",CRC,Costa Rica,Aeropuerto Internacional Juan Santamaría (SJO),"La presencia de un exótico Bulldog Francés Fluffy en Puntarenas, Costa Rica, despierta admiración por su inconfundible belleza y manto sedoso. Desarrollado mediante la selección responsable del gen recesivo L4/L1 de pelo largo, este perro conserva la estructura compacta y chata tradicional pero con una cabellera exuberante. Para un óptimo desarrollo en el clima soleado de Puntarenas, se adapta fantásticamente a la comodidad de interiores con aire acondicionado y terrazas frescas. Supervisamos la travesía con un protocolo de vuelo VIP especializado que desembarca en el Aeropuerto Internacional Juan Santamaría (SJO). Entregamos cada cachorrito con su cartilla de vacunación al día, test de salud de origen y registro de pedigree auténtico."
http://dinastiabulldogfluffy.com,venta,bulldog-frances-fluffy-san-salvador,Bulldog Francés Fluffy en San Salvador,"Encuentra cachorros Bulldog Francés Fluffy en San Salvador. Ejemplares puros de lujo con pelo sedoso (gen L4/L1), pedigree oficial y envíos seguros.",USD,El Salvador,Aeropuerto Internacional de El Salvador (SAL),"En los distinguidos sectores residenciales de San Salvador, El Salvador, el Bulldog Francés Fluffy se ha posicionado como una de las mascotas de lujo más anheladas. Su singular atractivo proviene del mapeo genético L4/L1, el cual manifiesta un plumaje capilar largo, denso y sumamente suave. Su carácter tranquilo y sociabilidad innata encajan a la perfección en la dinámica urbana capitalina, ya sea en exclusivos apartamentos o viviendas familiares. Implementamos un transporte VIP de alta seguridad aérea conectando directamente con el Aeropuerto Internacional de El Salvador (SAL). Ofrecemos total confiabilidad médica y genética, adjuntando el esquema completo de vacunas, certificado veterinario libre de anomalías y su árbol genealógico con pedigree acreditado."
http://dinastiabulldogfluffy.com,venta,bulldog-frances-fluffy-santa-ana,Bulldog Francés Fluffy en Santa Ana,"Venta de cachorros Bulldog Francés Fluffy en Santa Ana. Criadero especializado con pelaje largo (gen L4/L1), pedigree de pureza y garantía de salud.",USD,El Salvador,Aeropuerto Internacional de El Salvador (SAL),"Adoptar un ejemplar de Bulldog Francés Fluffy en Santa Ana, El Salvador, es asegurar un compañero de temperamento noble y presencia deslumbrante. El rasgo característico de esta línea genética radica en la portación autenticada del gen L4/L1, lo que le confiere un pelo sedoso, largo y abrigador de primera calidad. Gracias a su temperamento pausado, vive plácidamente en residencias de la ciudad santaneca, adaptándose sin esfuerzo tanto a departamentos como a espacios más amplios. Gestionamos el envío VIP garantizado mediante conexión aérea hacia el Aeropuerto Internacional de El Salvador (SAL), asegurando el bienestar del cachorro. Entregamos a tu compañero con garantía sanitaria por escrito, desparasitaciones periódicas, esquema vacunal al día y certificado oficial de pedigree."
http://dinastiabulldogfluffy.com,venta,bulldog-frances-fluffy-san-miguel,Bulldog Francés Fluffy en San Miguel,"Encuentra cachorros Bulldog Francés Fluffy en San Miguel. Ejemplares puros de lujo con pelo sedoso (gen L4/L1), pedigree oficial y envíos seguros.",USD,El Salvador,Aeropuerto Internacional de El Salvador (SAL),"Para las familias de San Miguel, El Salvador, contar con un Bulldog Francés Fluffy es sinónimo de exclusividad y afecto incondicional. Esta variedad destaca genéticamente por la expresión del gen L4/L1, que produce una cabellera suave, larga y voluptuosa, manteniendo la fisonomía braquicefálica estándar. Su naturaleza pacífica le permite disfrutar enormemente del confort de los interiores climatizados en la cálida región migueleña. El traslado se ejecuta bajo estrictas pautas VIP que concluyen con una recepción personalizada desde el Aeropuerto Internacional de El Salvador (SAL). Garantizamos la adquisición entregando al cachorro con su pedigree de pureza certificada, cartilla sanitaria con vacunas completas y coberturas de salud escritas."
http://dinastiabulldogfluffy.com,venta,bulldog-frances-fluffy-soyapango,Bulldog Francés Fluffy en Soyapango,"Venta de cachorros Bulldog Francés Fluffy en Soyapango. Criadero especializado con pelaje largo (gen L4/L1), pedigree de pureza y garantía de salud.",USD,El Salvador,Aeropuerto Internacional de El Salvador (SAL),"El encanto del Bulldog Francés Fluffy ha ganado un lugar primordial en los hogares de Soyapango, El Salvador. La distinción estética de la raza viene respaldada genéticamente por la combinación del gen recesivo L4/L1, que otorga un pelaje largo, abundante y de textura sedosa. Su naturaleza silenciosa y poco ladradora lo convierte en el perro perfecto para vivir en espacios verticales o casas de urbanización en Soyapango. Facilitamos una logística de viaje VIP especializada que aterriza felizmente en el Aeropuerto Internacional de El Salvador (SAL). Todos nuestros cachorros parten con pasaporte de salud, vacunas vigentes acorde a su edad, tratamiento antiparasitario y certificación de pedigree que aprueba su linaje."
http://dinastiabulldogfluffy.com,venta,bulldog-frances-fluffy-santa-tecla,Bulldog Francés Fluffy en Santa Tecla,"Encuentra cachorros Bulldog Francés Fluffy en Santa Tecla. Ejemplares puros de lujo con pelo sedoso (gen L4/L1), pedigree oficial y envíos seguros.",USD,El Salvador,Aeropuerto Internacional de El Salvador (SAL),"La próspera y apacible ciudad de Santa Tecla, El Salvador, brinda las condiciones climáticas y de estilo de vida perfectas para la crianza de un Bulldog Francés Fluffy. Esta codiciada casta canina posee una modulación genética certificada L4/L1 que le brinda una suntuosa melena larga y esponjosa. Su carácter afectivo y juguetón armoniza con las caminatas matutinas y la estancia en apartamentos o residencias tecleñas. Garantizamos su traslado de lujo con escolta VIP que llega con total comodidad al Aeropuerto Internacional de El Salvador (SAL). Respaldamos la adquisición con garantías veterinarias escritas, protocolo de inmunización vacunal culminado y el documento de pedigree que avala su alta estirpe."
http://dinastiabulldogfluffy.com,venta,bulldog-frances-fluffy-ciudad-de-guatemala,Bulldog Francés Fluffy en Ciudad de Guatemala,"Venta de cachorros Bulldog Francés Fluffy en Ciudad de Guatemala. Criadero especializado con pelaje largo (gen L4/L1), pedigree de pureza y garantía de salud.",GTQ,Guatemala,Aeropuerto Internacional La Aurora (GUA),"En las exclusivas zonas residenciales de Ciudad de Guatemala, Guatemala, el Bulldog Francés Fluffy representa la cúspide de la crianza canina de alta gama. Su deslumbrante pelaje largo y sedoso es la manifestación directa de la genética homocigota u heterocigota del gen L4/L1, aportando un tacto afelpado incomparable. Su versatilidad y temperamento calmado se amoldan a la perfección al ritmo de la capital y a la convivencia en elegantes edificios de apartamentos. Programamos el envío en vuelo VIP de primera clase con llegada directa al Aeropuerto Internacional La Aurora (GUA). Entregamos cada cachorrito respaldado por pruebas genéticas de raza, pedigree auténtico, garantía sanitaria firmada y esquema de vacunas completo."
http://dinastiabulldogfluffy.com,venta,bulldog-frances-fluffy-mixco,Bulldog Francés Fluffy en Mixco,"Encuentra cachorros Bulldog Francés Fluffy en Mixco. Ejemplares puros de lujo con pelo sedoso (gen L4/L1), pedigree oficial y envíos seguros.",GTQ,Guatemala,Aeropuerto Internacional La Aurora (GUA),"Integrar un Bulldog Francés Fluffy a un hogar en Mixco, Guatemala, transforma el entorno familiar con alegría y sofisticación. Esta hermosa variante canina cuenta con el respaldo científico de las variantes del gen de pelo largo L4/L1, luciendo un manto brillante, suave y abundante. Posee un carácter equilibrado que facilita su convivencia en condominios y casas en Mixco, adaptándose maravillosamente al clima templado local. Ofrecemos un servicio de entrega VIP altamente seguro, coordinado hacia el Aeropuerto Internacional La Aurora (GUA). Para absoluta certidumbre de los propietarios, suministramos la documentación de pedigree oficial, carné de vacunación completo al día y certificado de salud garantizado."
http://dinastiabulldogfluffy.com,venta,bulldog-frances-fluffy-villa-nueva,Bulldog Francés Fluffy en Villa Nueva,"Venta de cachorros Bulldog Francés Fluffy en Villa Nueva. Criadero especializado con pelaje largo (gen L4/L1), pedigree de pureza y garantía de salud.",GTQ,Guatemala,Aeropuerto Internacional La Aurora (GUA),"Para quienes aprecian la distinción canina en Villa Nueva, Guatemala, el Bulldog Francés Fluffy es una elección extraordinaria. La apariencia mullida y distinguida de su abrigo responde a la fijación del gen recesivo L4/L1, brindando una longitud y sedosidad únicas en el manto. Su tamaño compacto y docilidad innata lo vuelven ideal para la vida en apartamentos o casas con jardín pequeño dentro de los desarrollos de Villa Nueva. Transportamos a nuestros ejemplares mediante vuelos VIP acondicionados, recepcionados en el Aeropuerto Internacional La Aurora (GUA). Cada ejemplar incluye certificado de pedigree que demuestra su linaje puro, esquema sanitario completo con vacunas y garantías de salud expresas."
http://dinastiabulldogfluffy.com,venta,bulldog-frances-fluffy-quetzaltenango,Bulldog Francés Fluffy en Quetzaltenango,"Encuentra cachorros Bulldog Francés Fluffy en Quetzaltenango. Ejemplares puros de lujo con pelo sedoso (gen L4/L1), pedigree oficial y envíos seguros.",GTQ,Guatemala,Aeropuerto Internacional de Quetzaltenango (AAZ),"El clima fresco y montañoso de Quetzaltenango, Guatemala, es el ambiente idóneo donde un Bulldog Francés Fluffy luce en todo su esplendor. Poseedor de la valorada genética del gen L4/L1 de pelo largo, su sedoso y denso abrigo lo protege de forma natural mientras brinda una suavidad sin igual. Su temperamento tierno y apego familiar lo tornan un compañero entrañable tanto para apartamentos céntricos como para casonas quetzaltecas. Brindamos un servicio de traslado VIP directo y cuidado que aterriza en el Aeropuerto Internacional de Quetzaltenango (AAZ). Entregamos cada perro con su registro oficial de pedigree, esquema de vacunación estructural completo, desparasitaciones al día y contrato de garantía de salud."
http://dinastiabulldogfluffy.com,venta,bulldog-frances-fluffy-antigua-guatemala,Bulldog Francés Fluffy en Antigua,"Venta de cachorros Bulldog Francés Fluffy en Antigua. Criadero especializado con pelaje largo (gen L4/L1), pedigree de pureza y garantía de salud.",GTQ,Guatemala,Aeropuerto Internacional La Aurora (GUA),"Pasear con un Bulldog Francés Fluffy por la histórica y serena Antigua, Guatemala, refleja un gusto exquisito por las razas de lujo. Esta codiciada variante exhibe un majestuoso manto suave y esponjoso gracias a la expresión fenotípica del gen L4/L1 de pelo largo. Su naturaleza pacífica y afable combina idealmente con la arquitectura de patios coloniales y apartamentos de diseño en Antigua. Supervisamos minuciosamente el traslado VIP aéreo con destino al Aeropuerto Internacional La Aurora (GUA) para su posterior entrega privada. Garantizamos su calidad genotípica con pedigree de origen, libreta de salud veterinaria con vacunas al día y cobertura médica garantizada por escrito."
http://dinastiabulldogfluffy.com,venta,bulldog-frances-fluffy-tegucigalpa,Bulldog Francés Fluffy en Tegucigalpa,"Encuentra cachorros Bulldog Francés Fluffy en Tegucigalpa. Ejemplares puros de lujo con pelo sedoso (gen L4/L1), pedigree oficial y envíos seguros.",HNL,Honduras,Aeropuerto Internacional Toncontín (TGU),"En las lomas y áreas residenciales de Tegucigalpa, Honduras, el Bulldog Francés Fluffy se ha consolidado como un símbolo de afecto y distinción. El rasgo genético primordial de este ejemplar radica en la selección especializada del gen L4/L1, otorgándole una capa capilar de pelo largo, denso y de textura sumamente sedosa. Su temperamento sosegado se ajusta sin inconvenientes a apartamentos y casas de la capital hondureña. Gestionamos un protocolo de envío VIP de alto estándar con arribo al Aeropuerto Internacional Toncontín (TGU). Respaldamos la salud de cada cachorro con su carné de inmunización vacunal completo, revisión médica integral, garantías sanitarias contractuales y certificado oficial de pedigree."
http://dinastiabulldogfluffy.com,venta,bulldog-frances-fluffy-san-pedro-sula,Bulldog Francés Fluffy en San Pedro Sula,"Venta de cachorros Bulldog Francés Fluffy en San Pedro Sula. Criadero especializado con pelaje largo (gen L4/L1), pedigree de pureza y garantía de salud.",HNL,Honduras,Aeropuerto Internacional Ramón Villeda Morales (SAP),"La dinámica ciudad de San Pedro Sula, Honduras, recibe al exclusivo Bulldog Francés Fluffy como el nuevo mimado de las familias modernas. Esta fantástica raza exhibe un manto mullido y suave consecuencia directa del marcador genético L4/L1 responsable del pelaje largo. Su carácter alegre y afable le permite disfrutar plenamente del confort de hogares climatizados y áreas interiores en San Pedro Sula. Organizamos un itinerario de transporte VIP climatizado con llegada segura al Aeropuerto Internacional Ramón Villeda Morales (SAP). Ofrecemos la máxima transparencia entregando al ejemplar con vacunas completas según su edad, desparasitaciones al día, certificado de pedigree y garantías escritas de salud."
http://dinastiabulldogfluffy.com,venta,bulldog-frances-fluffy-choloma,Bulldog Francés Fluffy en Choloma,"Encuentra cachorros Bulldog Francés Fluffy en Choloma. Ejemplares puros de lujo con pelo sedoso (gen L4/L1), pedigree oficial y envíos seguros.",HNL,Honduras,Aeropuerto Internacional Ramón Villeda Morales (SAP),"Dar la bienvenida a un Bulldog Francés Fluffy en Choloma, Honduras, enriquece la vida familiar con ternura y elegancia. La singularidad de esta estirpe proviene de la portación verificada del gen L4/L1, el cual proporciona un impresionante pelo largo, brillante y esponjoso al tacto. Su naturaleza adaptativa y pacífica facilita una convivencia armónica tanto en viviendas particulares como en condominios cerrados de Choloma. Garantizamos un traslado VIP con monitoreo continuo con recepción inmediata en el Aeropuerto Internacional Ramón Villeda Morales (SAP). Todos nuestros perros se entregan acompañados de su certificado genético de pedigree, esquema vacunal al día y garantía de salud por escrito."
http://dinastiabulldogfluffy.com,venta,bulldog-frances-fluffy-la-ceiba,Bulldog Francés Fluffy en La Ceiba,"Venta de cachorros Bulldog Francés Fluffy en La Ceiba. Criadero especializado con pelaje largo (gen L4/L1), pedigree de pureza y garantía de salud.",HNL,Honduras,Aeropuerto Internacional Golosón (LCE),"En la bella ciudad costera de La Ceiba, Honduras, la presencia de un Bulldog Francés Fluffy despierta fascinación instantánea. Dotado de una maravillosa estructura capilar larga y sedosa gracias a la portación del gen L4/L1, este cachorro combina exotismo genético y un carácter sumamente dulce. Se climatiza a la perfección en la tranquilidad de espacios interiores y ambientes frescos de los hogares ceibeños. Coordinamos un trayecto VIP seguro y controlado con llegada directa al Aeropuerto Internacional Golosón (LCE). Aseguramos la inversión de nuestros clientes entregando al cachorrito con pedigree de pureza certificada, esquema de vacunas completo y comprobante de salud veterinaria garantizada."
http://dinastiabulldogfluffy.com,venta,bulldog-frances-fluffy-el-progreso,Bulldog Francés Fluffy en El Progreso,"Encuentra cachorros Bulldog Francés Fluffy en El Progreso. Ejemplares puros de lujo con pelo sedoso (gen L4/L1), pedigree oficial y envíos seguros.",HNL,Honduras,Aeropuerto Internacional Ramón Villeda Morales (SAP),"Para los amantes de las razas exclusivas en El Progreso, Honduras, el Bulldog Francés Fluffy es el compañero ideal por excelencia. La belleza distintiva de su manto esponjoso y sedoso se debe al cuidadoso trabajo genético sobre el gen recesivo L4/L1. Su carácter ecuánime y cariñoso asegura una aclimatación impecable tanto en apartamentos como en residencias familiares en El Progreso. Facilitamos el procedimiento de envío VIP aéreo con recepción rápida y segura en el Aeropuerto Internacional Ramón Villeda Morales (SAP). Respaldamos la entrega con esquemas sanitarios de vacunación al día, desparasitación completa, garantías médicas contractuales y pedigree oficial de raza."
http://dinastiabulldogfluffy.com,venta,bulldog-frances-fluffy-managua,Bulldog Francés Fluffy en Managua,"Venta de cachorros Bulldog Francés Fluffy en Managua. Criadero especializado con pelaje largo (gen L4/L1), pedigree de pureza y garantía de salud.",NIO,Nicaragua,Aeropuerto Internacional Augusto C. Sandino (MGA),"El Bulldog Francés Fluffy se ha transformado en el canino de compañía más apreciado en los hogares residenciales de Managua, Nicaragua. Su exótico abrigo largo, espeso y suave deriva de la portación certificada de la variante genética del gen L4/L1. Su temperamento dócil, juguetón y apegado a sus dueños hace que disfrute al máximo el confort de interiores climatizados en la capital managüense. Desplegamos un servicio de traslado VIP aéreo con desembarco en el Aeropuerto Internacional Augusto C. Sandino (MGA). Acreditamos la pureza y salud del cachorro mediante su documento oficial de pedigree, esquema vacunal al día y certificado de salud veterinario firmado."
http://dinastiabulldogfluffy.com,venta,bulldog-frances-fluffy-leon-ni,Bulldog Francés Fluffy en León (NI),"Encuentra cachorros Bulldog Francés Fluffy en León (NI). Ejemplares puros de lujo con pelo sedoso (gen L4/L1), pedigree oficial y envíos seguros.",NIO,Nicaragua,Aeropuerto Internacional Augusto C. Sandino (MGA),"Añadir un Bulldog Francés Fluffy a la vida en León (NI), Nicaragua, es incorporar una mascota de notable distinción y dulzura. Su característica más sobresaliente es su pelaje sedoso y exuberante, determinado por el marcador genético L4/L1 de pelo largo. Su naturaleza calmada le permite amoldarse sin dificultades a la vida en casas de patio central o apartamentos en León (NI), disfrutando de ambientes protegidos del calor. Ejecutamos un traslado VIP especializado con arribo seguro al Aeropuerto Internacional Augusto C. Sandino (MGA). Cada ejemplar es entregado con garantía sanitaria por escrito, cartilla de inmunización vacunal completa y su título de pedigree comprobado."
http://dinastiabulldogfluffy.com,venta,bulldog-frances-fluffy-masaya,Bulldog Francés Fluffy en Masaya,"Venta de cachorros Bulldog Francés Fluffy en Masaya. Criadero especializado con pelaje largo (gen L4/L1), pedigree de pureza y garantía de salud.",NIO,Nicaragua,Aeropuerto Internacional Augusto C. Sandino (MGA),"Tener un Bulldog Francés Fluffy en Masaya, Nicaragua, es el sueño de muchas familias que valoran el lujo y la compañía afectuosa. Esta exclusiva línea genética destaca por la presencia confirmada del gen L4/L1, responsable de su icónico pelaje largo, denso y sedoso que requiere cuidados sencillos pero regulares. A pesar del ambiente cálido de la ciudad de las flores, estos ejemplares se adaptan sin problemas a interiores con aire acondicionado o corredores frescos tradicionales. Como especialistas caninos, garantizamos un traslado VIP supervisado directamente hasta el Aeropuerto Internacional Augusto C. Sandino (MGA). Cada cachorro se entrega con garantía sanitaria por escrito, vacunación completa acorde a su edad, desparasitación al día y su pedigree oficial respaldado por pruebas de ADN."
http://dinastiabulldogfluffy.com,venta,bulldog-frances-fluffy-chinandega,Bulldog Francés Fluffy en Chinandega,"Encuentra cachorros Bulldog Francés Fluffy en Chinandega. Ejemplares puros de lujo con pelo sedoso (gen L4/L1), pedigree oficial y envíos seguros.",NIO,Nicaragua,Aeropuerto Internacional Augusto C. Sandino (MGA),"La presencia del Bulldog Francés Fluffy en Chinandega marca una nueva tendencia entre los amantes caninos de Nicaragua que buscan ejemplares exóticos y de alta alcurnia. Su manto característico de pelo largo y suave proviene del alelo recesivo L1/L4, rigurosamente analizado en laboratorio para certificar su autenticidad sin alterar la morfología compacta de la raza. En el entorno chinandegano, son compañeros ideales para la vida en departamentos o casas con espacios climatizados, manteniéndose activos en horas frescas. Gestionamos un envío VIP seguro con recepción prioritaria en el Aeropuerto Internacional Augusto C. Sandino (MGA). Respaldamos cada adopción con esquema de vacunación al día, certificado veterinario de salud, garantías por escrito y registro de pedigree."
http://dinastiabulldogfluffy.com,venta,bulldog-frances-fluffy-granada,Bulldog Francés Fluffy en Granada,"Venta de cachorros Bulldog Francés Fluffy en Granada. Criadero especializado con pelaje largo (gen L4/L1), pedigree de pureza y garantía de salud.",NIO,Nicaragua,Aeropuerto Internacional Augusto C. Sandino (MGA),"En la señorial Granada, Nicaragua, la elegancia del Bulldog Francés Fluffy encaja a la perfección con el estilo de vida sofisticado de sus residentes. La genética distintiva del gen L4/L1 otorga a este cachorro un pelaje sedoso y exuberante que fascina a primera vista. Su naturaleza tranquila y adaptable le permite aclimatarse velozmente a casas coloniales con patios internos o apartamentos modernos. Para asegurar una experiencia impecable, llevamos a cabo un transporte VIP especializado desde nuestro criadero hasta el Aeropuerto Internacional Augusto C. Sandino (MGA). Tu nuevo compañero arribará con su carnet de vacunas al día, desparasitación completa, garantía de salud contractual y su certificado de pedigree oficial de pureza."
http://dinastiabulldogfluffy.com,venta,bulldog-frances-fluffy-panama,Bulldog Francés Fluffy en Ciudad de Panamá,"Encuentra cachorros Bulldog Francés Fluffy en Ciudad de Panamá. Ejemplares puros de lujo con pelo sedoso (gen L4/L1), pedigree oficial y envíos seguros.",USD,Panamá,Aeropuerto Internacional de Tocumen (PTY),"Integrar un Bulldog Francés Fluffy a la vida urbana en Ciudad de Panamá es sinónimo de exclusividad y distinción. Pensados para la dinámica de apartamentos de alto nivel y paseos vespertinos por la Cinta Costera o Parque Omar, estos cachorros combinan un temperamento sociable con el codiciado pelaje largo derivado del marcador genético L4/L1. Nos aseguramos de que la transición al clima tropical panameño sea óptima brindándote asesoría experta de crianza. Ofrecemos un servicio de traslado VIP directo al Aeropuerto Internacional de Tocumen (PTY). Todos nuestros ejemplares parten con contrato de garantía de salud, vacunación completa verificada por veterinario y su documentación oficial de pedigree internacional."
http://dinastiabulldogfluffy.com,venta,bulldog-frances-fluffy-colon,Bulldog Francés Fluffy en Colón,"Venta de cachorros Bulldog Francés Fluffy en Colón. Criadero especializado con pelaje largo (gen L4/L1), pedigree de pureza y garantía de salud.",USD,Panamá,Aeropuerto Internacional Enrique Adolfo Jiménez (ONX),"La llegada de un ejemplar de Bulldog Francés Fluffy a Colón aporta distinción y ternura a los hogares de esta histórica región de Panamá. Caracterizado genéticamente por la combinación L4/L1 que le confiere un manto suave y de gran volumen, este pequeño canino destaca por su nobleza y fácil convivencia en condominios o residencias familiares. Su bienestar frente al calor costero se resuelve fácilmente en áreas climatizadas de descanso. Coordinamos un envío personal VIP con arribo al Aeropuerto Internacional Enrique Adolfo Jiménez (ONX), garantizando máxima seguridad en el trayecto. Se entrega con esquema de vacunación al día, desparasitación estricta, garantía de salud por escrito y pedigree de pureza comprobada."
http://dinastiabulldogfluffy.com,venta,bulldog-frances-fluffy-david,Bulldog Francés Fluffy en David,"Encuentra cachorros Bulldog Francés Fluffy en David. Ejemplares puros de lujo con pelo sedoso (gen L4/L1), pedigree oficial y envíos seguros.",USD,Panamá,Aeropuerto Internacional Enrique Malek (DAV),"En David, Chiriquí, el Bulldog Francés Fluffy se ha consolidado como la opción preferida por familias panameñas que buscan un compañero canino único y afectuoso. La belleza de su pelo largo y sedoso es el reflejo de la variante genética genuina L4/L1, preservando la estructura atlética y achatada propia de la raza. Se adapta con total soltura tanto a la vida en apartamentos céntricos como a residencias con jardín, manteniendo sus rutinas de juego en espacios frescos. Garantizamos un viaje confortable mediante traslado VIP hacia el Aeropuerto Internacional Enrique Malek (DAV). Entregamos cada perrito con vacunación al día, salud garantizada contractualmente y su pedigree oficial de pureza genética."
http://dinastiabulldogfluffy.com,venta,bulldog-frances-fluffy-san-miguelito,Bulldog Francés Fluffy en San Miguelito,"Venta de cachorros Bulldog Francés Fluffy en San Miguelito. Criadero especializado con pelaje largo (gen L4/L1), pedigree de pureza y garantía de salud.",USD,Panamá,Aeropuerto Internacional de Tocumen (PTY),"Para los hogares de San Miguelito en Panamá, adoptar un Bulldog Francés Fluffy representa sumar amor incondicional y un toque de elegancia. Esta raza deslumbrante posee la mutación natural del gen L4/L1 que genera su esponjoso y sedoso pelaje, altamente cotizado por conocedores. Su carácter calmado y su moderada exigencia de ejercicio lo hacen idóneo para departamentos y la vida en entornos urbanos concurridos. Organizamos la logística de transporte VIP priorizando la salud del cachorro hasta el Aeropuerto Internacional de Tocumen (PTY). Recibirás a tu mascota con el plan vacunal completo según su edad, desparasitado, con garantía sanitaria por escrito y certificación de pedigree."
http://dinastiabulldogfluffy.com,venta,bulldog-frances-fluffy-la-chorrera,Bulldog Francés Fluffy en La Chorrera,"Encuentra cachorros Bulldog Francés Fluffy en La Chorrera. Ejemplares puros de lujo con pelo sedoso (gen L4/L1), pedigree oficial y envíos seguros.",USD,Panamá,Aeropuerto Internacional Panamá Pacífico (BLB),"El carisma del Bulldog Francés Fluffy cautiva a la creciente comunidad residencial de La Chorrera, Panamá. Su pelaje fluido y suave, resultante de la cuidada selección de las variantes genéticas L4 y L1, lo convierte en una joya canina de singular belleza. Gracias a su tamaño pequeño y comportamiento manso, encaja perfectamente en apartamentos y casas con patio techado, disfrutando de interiores frescos. Facilitamos su traslado bajo rigurosos protocolos VIP a través del Aeropuerto Internacional Panamá Pacífico (BLB). Cada cachorro es entregado con garantía sanitaria por escrito, cuadro de vacunas e inmunización al día y su pedigree certificado de pureza racial."
http://dinastiabulldogfluffy.com,venta,bulldog-frances-fluffy-santo-domingo,Bulldog Francés Fluffy en Santo Domingo,"Venta de cachorros Bulldog Francés Fluffy en Santo Domingo. Criadero especializado con pelaje largo (gen L4/L1), pedigree de pureza y garantía de salud.",DOP,República Dominicana,Aeropuerto Internacional Las Américas (SDQ),"En el corazón urbano de Santo Domingo, República Dominicana, el Bulldog Francés Fluffy es el consentido de los apartamentos en zonas como Piantini, Naco o Bella Vista. Su rasgo más sobresaliente es el melena sedosa y abundante garantizada por la expresión del gen L4/L1, manteniendo una fisonomía robusta y adorable. Es un perro súper adaptable a interiores con aire acondicionado y paseos cortos por el Mirador Sur durante las horas frescas. Aseguramos su llegada VIP sin estrés volando directamente al Aeropuerto Internacional Las Américas (SDQ). Entregamos a tu nuevo amigo con esquema completo de vacunación, desparasitaciones registradas, garantía escrita de salud y certificado de pedigree oficial."
http://dinastiabulldogfluffy.com,venta,bulldog-frances-fluffy-santiago-rd,Bulldog Francés Fluffy en Santiago (RD),"Encuentra cachorros Bulldog Francés Fluffy en Santiago (RD). Ejemplares puros de lujo con pelo sedoso (gen L4/L1), pedigree oficial y envíos seguros.",DOP,República Dominicana,Aeropuerto Internacional del Cibao (STI),"Para las familias de Santiago de los Caballeros en la República Dominicana, el Bulldog Francés Fluffy ofrece un equilibrio excepcional entre ternura, distinción y excelente carácter. Su despampanante manto largo y sedoso es el fruto de la genética homocigota o heterocigota del gen L4/L1. Su naturaleza afable y poco ladradora lo convierte en la mascota idónea para departamentos y residencias del Cibao. Velamos por su protección integral mediante nuestro servicio de envío VIP con arribo al Aeropuerto Internacional del Cibao (STI). Se adjunta carnet de vacunas al día, tratamiento antiparasitario, garantía médica por escrito y su registro de pedigree oficial."
http://dinastiabulldogfluffy.com,venta,bulldog-frances-fluffy-la-romana,Bulldog Francés Fluffy en La Romana,"Venta de cachorros Bulldog Francés Fluffy en La Romana. Criadero especializado con pelaje largo (gen L4/L1), pedigree de pureza y garantía de salud.",DOP,República Dominicana,Aeropuerto Internacional de La Romana (LRM),"Disfrutar de la elegancia canina en La Romana, República Dominicana, es posible al integrar un exquisito Bulldog Francés Fluffy a tu villa o departamento. Esta selecta línea de pelo largo, definida por la portación científica del gen L4/L1, fascina por su tacto sedoso y su mirada expresiva. Se acomoda maravillosamente al ritmo caribeño y a la vida en interiores climatizados cerca de la costa. Realizamos el transporte VIP con logística personalizada hasta el Aeropuerto Internacional de La Romana (LRM). Entregamos cada ejemplar protegido con su esquema de vacunación al día, desparasitación completa, respaldo de garantía de salud escrita y pedigree de pureza comprobada."
http://dinastiabulldogfluffy.com,venta,bulldog-frances-fluffy-san-pedro-macoris,Bulldog Francés Fluffy en San Pedro de Macorís,"Encuentra cachorros Bulldog Francés Fluffy en San Pedro de Macorís. Ejemplares puros de lujo con pelo sedoso (gen L4/L1), pedigree oficial y envíos seguros.",DOP,República Dominicana,Aeropuerto Internacional Las Américas (SDQ),"En San Pedro de Macorís, República Dominicana, el Bulldog Francés Fluffy gana cada vez más admiradores entre quienes buscan un compañero refinado y de temperamento dulce. Su abundante pelaje de seda proviene del testeo genético que confirma los alelos L4 y L1 de pelo largo, preservando el estándar morfológico de la raza. Su docilidad y baja exigencia física lo hacen idóneo para departamentos y casas familiares protegidas del calor. Garantizamos un vuelo VIP en cabina o bodega climatizada con llegada al Aeropuerto Internacional Las Américas (SDQ). Todos los perritos cuentan con carnet vacunal actualizado, desparasitaciones, garantía sanitaria escrita y pedigree oficial."
http://dinastiabulldogfluffy.com,venta,bulldog-frances-fluffy-punta-cana,Bulldog Francés Fluffy en Punta Cana,"Venta de cachorros Bulldog Francés Fluffy en Punta Cana. Criadero especializado con pelaje largo (gen L4/L1), pedigree de pureza y garantía de salud.",DOP,República Dominicana,Aeropuerto Internacional de Punta Cana (PUJ),"El estilo de vida relajado y exclusivo de Punta Cana, República Dominicana, encuentra en el Bulldog Francés Fluffy al compañero ideal para villas y condominios frente al mar o zonas residenciales de Cap Cana. Su singular pelaje sedoso y tupido, posibilitado por la marcación del gen L4/L1, se complementa con un carácter afectuoso y adaptable a espacios climatizados. Nos encargamos de organizar un transporte VIP con los más altos estándares de bioseguridad hasta el Aeropuerto Internacional de Punta Cana (PUJ). Garantizamos tranquilidad absoluta entregando a cada cachorro con sus vacunas al día, desparasitado, con garantía médica escrita y certificado de pedigree oficial."
http://dinastiabulldogfluffy.com,venta,bulldog-frances-fluffy-buenos-aires,Bulldog Francés Fluffy en Buenos Aires,"Encuentra cachorros Bulldog Francés Fluffy en Buenos Aires. Ejemplares puros de lujo con pelo sedoso (gen L4/L1), pedigree oficial y envíos seguros.",ARS,Argentina,Aeropuerto Internacional Ministro Pistarini (EZE),"En la vibrante capital porteña de Buenos Aires, Argentina, el Bulldog Francés Fluffy es el nuevo icono de elegancia para la vida en departamentos de Palermo, Recoleta o Belgrano. Su espectacular pelaje largo y suave, resultado de la variante genética L4/L1, contrasta maravillosamente con su porte firme y amistoso. Se adapta genial a las cuatro estaciones del clima porteño y a las caminatas matutinas por las plazas de la ciudad. Coordinamos su traslado VIP de primera categoría desembarcando en el Aeropuerto Internacional Ministro Pistarini (EZE). Tu cachorro llegará con su esquema vacunal completo, desparasitaciones vigentes, contrato con garantía de salud escrita y su pedigree oficial."
http://dinastiabulldogfluffy.com,venta,bulldog-frances-fluffy-cordoba,Bulldog Francés Fluffy en Córdoba,"Venta de cachorros Bulldog Francés Fluffy en Córdoba. Criadero especializado con pelaje largo (gen L4/L1), pedigree de pureza y garantía de salud.",ARS,Argentina,Aeropuerto Internacional Ingeniero Aeronáutico Ambrosio Taravella (COR),"Para la familia cordobesa que valora la distinción en Argentina, el Bulldog Francés Fluffy representa la combinación perfecta entre ternura y distinción genética. Su deslumbrante abrigo de pelo largo y denso es producto directo del gen L4/L1, otorgándole una textura sedosa inconfundible. Posee una rápida aclimatación tanto a departamentos en Nueva Córdoba como a casas en las sierras o barrios cerrados. Supervisamos un servicio de traslado VIP directo al Aeropuerto Internacional Ingeniero Aeronáutico Ambrosio Taravella (COR). Cada integrante canino se entrega inmunizado con vacunas al día, desparasitado, con garantía sanitaria legalizada y su certificado de pedigree."
http://dinastiabulldogfluffy.com,venta,bulldog-frances-fluffy-rosario,Bulldog Francés Fluffy en Rosario,"Encuentra cachorros Bulldog Francés Fluffy en Rosario. Ejemplares puros de lujo con pelo sedoso (gen L4/L1), pedigree oficial y envíos seguros.",ARS,Argentina,Aeropuerto Internacional Rosario Islas Malvinas (ROS),"En Rosario, Argentina, la elegancia y simpatía del Bulldog Francés Fluffy conquistan las viviendas a lo largo del Paraná y sectores como Bulevar Oroño. Su cotizado pelaje sedoso y largo es fruto del estudio genético que valida las variantes L4/L1 en sus ancestros. Es un perrito de temperamento apacible, perfecto para departamentos y paseos pausados al atardecer por los parques rosarinos. Gestionamos un traslado VIP con máximo cuidado hasta el Aeropuerto Internacional Rosario Islas Malvinas (ROS). Respaldamos la adopción con certificado de salud y vacunas al día, desparasitación completa, garantía por escrito y su carnet de pedigree oficial de raza."
http://dinastiabulldogfluffy.com,venta,bulldog-frances-fluffy-mendoza,Bulldog Francés Fluffy en Mendoza,"Venta de cachorros Bulldog Francés Fluffy en Mendoza. Criadero especializado con pelaje largo (gen L4/L1), pedigree de pureza y garantía de salud.",ARS,Argentina,Aeropuerto Internacional El Plumerillo (MDZ),"Entre viñedos y al pie de los Andes en Mendoza, Argentina, el Bulldog Francés Fluffy se destaca como una mascota de compañía inigualable. Su característico manto largo, sedoso y tupido viene avalado por la presencia del gen L4/L1, ofreciendo un tacto de extrema suavidad. Su carácter tranquilo le permite adaptarse con fluidez a la vida en departamento o a hogares con jardín en el clima seco mendocino. Organizamos la logística de transporte VIP asegurando la llegada saludable de tu cachorro al Aeropuerto Internacional El Plumerillo (MDZ). Entregamos cada perro con su esquema vacunal completo, desparasitaciones, garantía escrita de salud y certificado de pedigree."
http://dinastiabulldogfluffy.com,venta,bulldog-frances-fluffy-la-plata,Bulldog Francés Fluffy en La Plata,"Encuentra cachorros Bulldog Francés Fluffy en La Plata. Ejemplares puros de lujo con pelo sedoso (gen L4/L1), pedigree oficial y envíos seguros.",ARS,Argentina,Aeropuerto Internacional de La Plata (LPG),"Recibir a un Bulldog Francés Fluffy en La Plata, Argentina, añade alegría y elegancia a cualquier hogar de la ciudad de las diagonales. Su singular pelaje suave y abundante es el resultado biológico de la variante del gen L4/L1, manteniendo la estructura física compacta tan querida de los bulldogs. Su temperamento manso y cariñoso es idóneo para convivir en departamentos céntricos y realizar paseos relajados por el Bosque de La Plata. Llevamos a cabo un traslado VIP con monitoreo constante con destino al Aeropuerto Internacional de La Plata (LPG). Incluye libreta de vacunación al día, desparasitación, garantía sanitaria firmada y su certificado de pedigree."
http://dinastiabulldogfluffy.com,venta,bulldog-frances-fluffy-la-paz,Bulldog Francés Fluffy en La Paz,"Venta de cachorros Bulldog Francés Fluffy en La Paz. Criadero especializado con pelaje largo (gen L4/L1), pedigree de pureza y garantía de salud.",BOB,Bolivia,Aeropuerto Internacional El Alto (LPB),"En las alturas de La Paz, Bolivia, la calidez y el encanto del Bulldog Francés Fluffy enamoran a las familias que habitan en zonas como Sopocachi o la Zona Sur. Su espeso y suave pelaje, determinado genéticamente por los alelos L4 y L1, no solo es una maravilla visual sino también una excelente barrera natural frente al clima fresco paceño. Es la compañía ideal para departamentos, caracterizándose por ser sociable y hogareño. Realizamos la coordinación de traslado VIP ajustada a requerimientos de altitud con llegada al Aeropuerto Internacional El Alto (LPB). Cada ejemplar incluye vacunas al día, desparasitación completa, garantía escrita de salud y su pedigree de pureza."
http://dinastiabulldogfluffy.com,venta,bulldog-frances-fluffy-santa-cruz,Bulldog Francés Fluffy en Santa Cruz,"Encuentra cachorros Bulldog Francés Fluffy en Santa Cruz. Ejemplares puros de lujo con pelo sedoso (gen L4/L1), pedigree oficial y envíos seguros.",BOB,Bolivia,Aeropuerto Internacional Viru Viru (VVI),"El Bulldog Francés Fluffy se ha transformado en el nuevo consentido de los hogares de Santa Cruz de la Sierra, Bolivia, especialmente en áreas exclusivas como Equipetrol o El Urubó. Su fascinante cobertura de pelo largo y sedoso es respaldada genéticamente por el gen L4/L1, ofreciendo un contraste deslumbrante. Posee una fantástica adaptación a espacios interiores acondicionados, manteniendo su jovialidad y afecto constante hacia la familia. Aseguramos un itinerario de transporte VIP riguroso hasta el Aeropuerto Internacional Viru Viru (VVI). Entregamos a tu cachorro con esquema de vacunación al día, desparasitación previa, garantía de salud por escrito y pedigree certificado."
http://dinastiabulldogfluffy.com,venta,bulldog-frances-fluffy-cochabamba,Bulldog Francés Fluffy en Cochabamba,"Venta de cachorros Bulldog Francés Fluffy en Cochabamba. Criadero especializado con pelaje largo (gen L4/L1), pedigree de pureza y garantía de salud.",BOB,Bolivia,Aeropuerto Internacional Jorge Wilstermann (CBB),"En Cochabamba, Bolivia, donde el clima de eterna primavera favorece a las mascotas, el Bulldog Francés Fluffy encaja de forma espectacular en la vida familiar. Su suntuoso pelaje largo y suave, producido por la mutación recesiva del gen L4/L1, fascina por su ternura y calidad de tacto. Gracias a su tamaño práctico y su dócil comportamiento, se desenvuelve maravillosamente en departamentos y paseos tranquilos por El Prado. Gestionamos un traslado VIP con cuidados veterinarios continuos volando al Aeropuerto Internacional Jorge Wilstermann (CBB). Cada adopción incluye carnet de vacunación completo, desparasitado, garantía médica contractual y pedigree oficial de sangre."
http://dinastiabulldogfluffy.com,venta,bulldog-frances-fluffy-sucre,Bulldog Francés Fluffy en Sucre,"Encuentra cachorros Bulldog Francés Fluffy en Sucre. Ejemplares puros de lujo con pelo sedoso (gen L4/L1), pedigree oficial y envíos seguros.",BOB,Bolivia,Aeropuerto Internacional de Alcantarí (ALC),"Integrar un ejemplar de Bulldog Francés Fluffy en Sucre, Bolivia, es elegir la elegancia en el corazón de la Ciudad Blanca. Su característico manto exuberante se debe a la fijación de la variante genética L4/L1 (manteau de pelo largo sedoso), un rasgo exclusivo que combina belleza estética y una suavidad al tacto incomparable. Gracias al clima agradable y templado de los valles chuquisaqueños, estos cachorros disfrutarán plenamente de tranquilos recorridos hacia la Plaza 25 de Mayo o de tardes serenas en condominios y pisos urbanos. Como criadores especializados, entregamos a cada cachorro con su pedigree de registro oficial, garantía de salud por escrito ante anomalías genéticas y el plan de vacunación/desparasitación al día. Garantizamos un traslado VIP bajo acondicionamiento térmico asistido recibiendo al cachorro directamente en el Aeropuerto Internacional de Alcantarí (ALC)."
http://dinastiabulldogfluffy.com,venta,bulldog-frances-fluffy-el-alto,Bulldog Francés Fluffy en El Alto,"Venta de cachorros Bulldog Francés Fluffy en El Alto. Criadero especializado con pelaje largo (gen L4/L1), pedigree de pureza y garantía de salud.",BOB,Bolivia,Aeropuerto Internacional El Alto (LPB),"La presencia de un Bulldog Francés Fluffy en El Alto representa distinción y calidez para los hogares en Bolivia. Su pelaje largo y tupido no solo es un espectáculo visual derivado de la presencia genética del marcador L4/L1, sino también una ventaja natural que le permite adaptarse maravillosamente a las temperaturas frescas del altiplano. Es un canino idóneo para la vida en departamento, cariñoso y de energía moderada. En nuestro criadero priorizamos la excelencia biológica: entregamos cada cachorro con pedigree de pureza racial expedido por organismos oficiales, inmunización vacunal completa y garantías sanitarias por escrito. Para preservar su confort térmico, realizamos un traslado VIP especializado hasta el Aeropuerto Internacional El Alto (LPB)."
http://dinastiabulldogfluffy.com,venta,bulldog-frances-fluffy-sao-paulo,Bulldog Francês Fluffy en São Paulo,"Encuentra cachorros Bulldog Francés Fluffy en São Paulo. Ejemplares puros de lujo con pelo sedoso (gen L4/L1), pedigree oficial y envíos seguros.",BRL,Brasil,Aeroporto Internacional de Guarulhos (GRU),"Adquirir un Bulldog Francês Fluffy em São Paulo, Brasil, es sumar un soplo de sofisticación a la vibrante rutina de la capital paulista. Esta distinguida variedad destaca por su densa melena sedosa fruto de la combinación genética verificada L4/L1, luciendo una morfología robusta con un porte verdaderamente aristocrático. Su temperamento sereno lo convierte en el habitante perfecto para departamentos en bairros céntricos y paseos controlados por el Parque Ibirapuera. Respaldamos cada entrega con certificado de salud por escrito, vacunación de espectro amplio y pedigree oficial que avala su ascendencia. El viaje de tu mascota se gestiona mediante nuestro servicio de traslado VIP internacional con arribo directo al Aeroporto Internacional de Guarulhos (GRU)."
http://dinastiabulldogfluffy.com,venta,bulldog-frances-fluffy-rio-de-janeiro,Bulldog Francês Fluffy no Rio de Janeiro,"Venta de cachorros Bulldog Francés Fluffy en Rio de Janeiro. Criadero especializado con pelaje largo (gen L4/L1), pedigree de pureza y garantía de salud.",BRL,Brasil,Aeroporto Internacional do Galeão (GIG),"El encanto del Bulldog Francês Fluffy ha cautivado a las familias de Rio de Janeiro, Brasil, que aprecian la exclusividad canina de alto nivel. La capa de pelo largo y suave que distingue a estos cachorros proviene del alelo especializado L4/L1, creando una textura esponjosa y elegante única en la raza. Diseñados para disfrutar de la comodidad interior en departamentos de la Zona Sul y paseos breves y frescos al atardecer, destacan por su carácter afectuoso y amigable. Nos comprometemos a entregar cachorros con esquema completo de vacunación, desparasitados y protegidos por una garantía contractual de salud junto a su pedigree de pureza. El vuelo y llegada se coordinan minuciosamente en cabina VIP con destino al Aeroporto Internacional do Galeão (GIG)."
http://dinastiabulldogfluffy.com,venta,bulldog-frances-fluffy-brasilia,Bulldog Francês Fluffy em Brasília,"Encuentra cachorros Bulldog Francés Fluffy en Brasília. Ejemplares puros de lujo con pelo sedoso (gen L4/L1), pedigree oficial y envíos seguros.",BRL,Brasil,Aeroporto Internacional de Brasília (BSB),"Llevar un Bulldog Francês Fluffy a Brasília, Brasil, significa incorporar distinción y compañía leal al corazón del Distrito Federal. La suntuosa melena que recubre su cuerpo es el resultado directo de la expresión homocigota del gen L4/L1, ofreciendo un pelo suave de longitud noble sin perder la estructura compacta típica de la raza. Su naturaleza calmada y cariñosa armoniza a la perfección con la arquitectura de las Superquadras y la tranquila vida en departamentos de la capital. Ofrecemos máxima rigurosidad técnica: cada ejemplar posee pedigree oficial de raza pura, garantía sanitaria por escrito y libreta de vacunas completa. La logística de transporte VIP prioriza la hidratación y confort del cachorro hasta su recepción en el Aeroporto Internacional de Brasília (BSB)."
http://dinastiabulldogfluffy.com,venta,bulldog-frances-fluffy-salvador,Bulldog Francês Fluffy em Salvador,"Venta de cachorros Bulldog Francés Fluffy en Salvador. Criadero especializado con pelaje largo (gen L4/L1), pedigree de pureza y garantía de salud.",BRL,Brasil,Aeroporto Internacional de Salvador (SSA),"Para las familias de Salvador en Bahía, Brasil, el Bulldog Francês Fluffy representa una joya canina de singular elegancia. El llamativo manto largo y sedoso de esta variedad es la firma genética del marcador L4/L1, el cual proporciona un toque afectuoso e inconfundible al tacto. Se acomoda de forma extraordinaria a la vida doméstica en apartamentos climatizados, disfrutando del ambiente relajado de la ciudad y de agradables momentos familiares bajo sombra. Todos nuestros cachorros viajan con su cartilla de vacunación completa, tratamiento antiparasitario al día, pedigree oficial de origen comprobado y garantía médica contractual. Garantizamos un viaje seguro bajo modalidad VIP aterrizando en el Aeroporto Internacional de Salvador (SSA)."
http://dinastiabulldogfluffy.com,venta,bulldog-frances-fluffy-fortaleza,Bulldog Francês Fluffy em Fortaleza,"Encuentra cachorros Bulldog Francés Fluffy en Fortaleza. Ejemplares puros de lujo con pelo sedoso (gen L4/L1), pedigree oficial y envíos seguros.",BRL,Brasil,Aeroporto Internacional de Fortaleza (FOR),"El deslumbrante Bulldog Francês Fluffy se ha transformado en el nuevo favorito de los hogares en Fortaleza, Brasil. Su fascinante pelaje largo y suave, producto del genotipado L4/L1, le otorga un aspecto majestuoso que contrasta maravillosamente con su carácter dócil y sociable. Es una raza de baja exigencia física, ideal para vivir felizmente en departamentos y espacios interiores protegidos del sol intenso. Garantizamos la máxima responsabilidad en crianza: entregamos cada perro con su pedigree oficial de pureza, esquema de vacunas al día, desparasitación y garantía de salud por escrito. Su envío se realiza bajo nuestro protocolo VIP de transporte canino con arribo al Aeroporto Internacional de Fortaleza (FOR)."
http://dinastiabulldogfluffy.com,venta,bulldog-frances-fluffy-santiago,Bulldog Francés Fluffy en Santiago,"Venta de cachorros Bulldog Francés Fluffy en Santiago. Criadero especializado con pelaje largo (gen L4/L1), pedigree de pureza y garantía de salud.",CLP,Chile,Aeropuerto Internacional Arturo Merino Benítez (SCL),"La llegada de un Bulldog Francés Fluffy a Santiago, Chile, aporta una nota de sofisticación y ternura a la vida urbana capitalina. Con su característico manto abundante y sedoso proveniente del gen L4/L1, este cachorro se diferencia de cualquier otro por su distinción táctil y visual. Su temperamento tranquilo y cariñoso encaja perfectamente con el ritmo de vida en departamentos de zonas como Las Condes o Providencia y paseos al atardecer en parques locales. Ofrecemos respaldo profesional absoluto: pedigree oficial que acredita su pureza genética, garantía médica escrita ante cualquier eventualidad hereditaria y vacunas/desparasitación al día. Coordinamos su vuelo mediante un servicio VIP de alta seguridad con llegada al Aeropuerto Internacional Arturo Merino Benítez (SCL)."
http://dinastiabulldogfluffy.com,venta,bulldog-frances-fluffy-valparaiso,Bulldog Francés Fluffy en Valparaíso,"Encuentra cachorros Bulldog Francés Fluffy en Valparaíso. Ejemplares puros de lujo con pelo sedoso (gen L4/L1), pedigree oficial y envíos seguros.",CLP,Chile,Aeropuerto Internacional Arturo Merino Benítez (SCL),"Encontrar un cachorro Bulldog Francés Fluffy para tu hogar en Valparaíso, Chile, es una decisión que combina calidez y exclusividad. Esta variante destaca de inmediato por su capa de pelo largo y suave, lograda genéticamente gracias a la portación del gen L4/L1. Su tamaño compacto e índole noble y apegada lo hacen ideal para la convivencia en departamentos o casas con patio cerrado en la costa chilena, adaptándose muy bien a la brisa marina. Cada ejemplar se entrega acompañado de su pedigree de pureza racial, garantía contractual de salud y carnet sanitario con esquema completo de vacunación y desparasitación. El traslado del cachorro se realiza mediante atención VIP asistida con llegada al Aeropuerto Internacional Arturo Merino Benítez (SCL)."
http://dinastiabulldogfluffy.com,venta,bulldog-frances-fluffy-concepcion,Bulldog Francés Fluffy en Concepción,"Venta de cachorros Bulldog Francés Fluffy en Concepción. Criadero especializado con pelaje largo (gen L4/L1), pedigree de pureza y garantía de salud.",CLP,Chile,Aeropuerto Internacional Carriel Sur (CCP),"El Bulldog Francés Fluffy se ha consolidado como el compañero de hogar predilecto en Concepción, Chile. La exuberancia de su pelaje largo y tupido —consecuencia del alelo genético L4/L1— le brinda no solo un aspecto de peluche deslumbrante, sino también un abrigo natural perfecto para los días frescos del Biobío. Posee una paciencia y carácter cariñoso impecables, adaptándose sin esfuerzo a la vida en departamento o casas familiares. Cuidamos cada detalle de la crianza: entregamos al cachorro con pedigree oficial de raza pura, garantía escrita de salud y esquema de vacunas/desparasitación al día. Su viaje se efectúa bajo protocolos VIP de máximo bienestar con entrega directa en el Aeropuerto Internacional Carriel Sur (CCP)."
http://dinastiabulldogfluffy.com,venta,bulldog-frances-fluffy-la-serena,Bulldog Francés Fluffy en La Serena,"Encuentra cachorros Bulldog Francés Fluffy en La Serena. Ejemplares puros de lujo con pelo sedoso (gen L4/L1), pedigree oficial y envíos seguros.",CLP,Chile,Aeródromo La Florida (LSC),"Disfrutar de un Bulldog Francés Fluffy en La Serena, Chile, añade un toque de distinción y constante compañía a la tranquila vida costera. Su manto característico de pelo sedoso de longitud media es el resultado biológico de la variante L4/L1, ofreciendo un abrigo suave y llamativo que cautiva las miradas. Es un perro sumamente afable y limpio, óptimo para habitar en condominios o departamentos cerca de la playa, donde disfruta del clima templado de la Región de Coquimbo. Garantizamos absoluta seriedad: el cachorro se entrega con pedigree oficial acreditado, libreta vacunal al día, desparasitación completa y garantía escrita de salud. Su traslado VIP aéreo se coordina para arribar de forma segura al Aeródromo La Florida (LSC)."
http://dinastiabulldogfluffy.com,venta,bulldog-frances-fluffy-antofagasta,Bulldog Francés Fluffy en Antofagasta,"Venta de cachorros Bulldog Francés Fluffy en Antofagasta. Criadero especializado con pelaje largo (gen L4/L1), pedigree de pureza y garantía de salud.",CLP,Chile,Aeropuerto Internacional Andrés Sabella (ANF),"Para quienes buscan un perro de compañía exclusivo en Antofagasta, Chile, el Bulldog Francés Fluffy es la opción por excelencia. Su precioso abrigo de pelaje sedoso y denso, generado por el marcador genético L4/L1, lo convierte en un ejemplar de singular belleza y distinción. Gracias a su carácter tranquilo y su fácil adiestramiento, se adecua maravillosamente a los espacios interiores de departamentos a lo largo de la costa antofagastina. Garantizamos una entrega responsable respaldada por pedigree oficial de pureza genética, certificado de salud garantizado por escrito y vacunación completa acorde a su edad. Nos encargamos de su traslado en condiciones VIP supervisadas hasta el Aeropuerto Internacional Andrés Sabella (ANF)."
http://dinastiabulldogfluffy.com,venta,bulldog-frances-fluffy-quito,Bulldog Francés Fluffy en Quito,"Encuentra cachorros Bulldog Francés Fluffy en Quito. Ejemplares puros de lujo con pelo sedoso (gen L4/L1), pedigree oficial y envíos seguros.",USD,Ecuador,Aeropuerto Internacional Mariscal Sucre (UIO),"El Bulldog Francés Fluffy ha ganado un lugar privilegiado entre las familias de Quito, Ecuador, que aprecian el lujo y la ternura canina. Su espectacular manto peludo y sedoso es el fruto de la homocigosis del gen L4/L1, lo que le confiere una apariencia majestuosa y un tacto suave de alta gama. En el clima templado y primaveral de la capital andina, este cachorro prospera felizmente tanto en departamentos urbanos como en residencias con jardín en los valles. Aseguramos un estándar criador superior: entregamos a cada ejemplar con pedigree de origen oficial, garantía médica contractual de salud y su esquema de vacunas al día. El transporte VIP garantiza su llegada protegida al Aeropuerto Internacional Mariscal Sucre (UIO)."
http://dinastiabulldogfluffy.com,venta,bulldog-frances-fluffy-guayaquil,Bulldog Francés Fluffy en Guayaquil,"Venta de cachorros Bulldog Francés Fluffy en Guayaquil. Criadero especializado con pelaje largo (gen L4/L1), pedigree de pureza y garantía de salud.",USD,Ecuador,Aeropuerto Internacional José Joaquín de Olmedo (GYE),"Recibir a un Bulldog Francés Fluffy en Guayaquil, Ecuador, es elevar la experiencia de convivencia con una mascota de auténtico privilegio. Su pelaje largo, abundante y sedoso responde a la expresión del marcador genético L4/L1, ofreciendo un look esponjoso y una suavidad excepcional. Es un canino dócil y tranquilo que disfruta reposar en la frescura de departamentos en sectores como Samborondón y compartir momentos afectuosos en familia. Ofrecemos transparencia total: pedigree oficial de pureza genética, certificado de garantía de salud escrito y libreta inmunológica completa (vacunas y desparasitaciones). Su viaje se realiza mediante traslado VIP express con atención personalizada hasta el Aeropuerto Internacional José Joaquín de Olmedo (GYE)."
http://dinastiabulldogfluffy.com,venta,bulldog-frances-fluffy-cuenca,Bulldog Francés Fluffy en Cuenca,"Encuentra cachorros Bulldog Francés Fluffy en Cuenca. Ejemplares puros de lujo con pelo sedoso (gen L4/L1), pedigree oficial y envíos seguros.",USD,Ecuador,Aeropuerto Internacional Mariscal Lamar (CUE),"Para los amantes de las razas exclusivas en Cuenca, Ecuador, el Bulldog Francés Fluffy es el compañero de vida ideal. Su abundante manto de textura sedosa, generado por la presencia de la variante L4/L1, le otorga un porte noble que encaja de forma bella con la atmósfera colonial y tranquila de la ciudad. El clima templado y fresco de los Andes ecuatorianos beneficia enormemente a esta raza, facilitando sus caminatas relajadas y su adaptación a casas o departamentos. Entregamos a tu nuevo cachorro con pedigree oficial registrado, garantía de salud por escrito y su cuadro de vacunación/desparasitación al día. Garantizamos la máxima seguridad con nuestro envío VIP directo al Aeropuerto Internacional Mariscal Lamar (CUE)."
http://dinastiabulldogfluffy.com,venta,bulldog-frances-fluffy-santo-domingo-ec,Bulldog Francés Fluffy en Santo Domingo (EC),"Venta de cachorros Bulldog Francés Fluffy en Santo Domingo (EC). Criadero especializado con pelaje largo (gen L4/L1), pedigree de pureza y garantía de salud.",USD,Ecuador,Aeropuerto Regional de Santo Domingo (SDO),"El Bulldog Francés Fluffy se ha convertido en el centro de atención en Santo Domingo (EC), Ecuador, gracias a su inconfundible elegancia. Su denso pelaje largo y suave, resultado de la variante genética L4/L1, le confiere ese aspecto afelpado que conquista a primera vista. Adaptable, obediente y de temperamento sumamente noble, es perfecto para convivir en interiores climatizados y disfrutar de la vida familiar en esta próspera zona del país. Garantizamos la calidad de nuestra línea genética: entregamos cada cachorro con su pedigree de pureza racial, garantía médica firmada por escrito y su esquema completo de vacunas y desparasitante al día. Su transporte se gestiona mediante nuestro servicio VIP con destino al Aeropuerto Regional de Santo Domingo (SDO)."
http://dinastiabulldogfluffy.com,venta,bulldog-frances-fluffy-ambato,Bulldog Francés Fluffy en Ambato,"Encuentra cachorros Bulldog Francés Fluffy en Ambato. Ejemplares puros de lujo con pelo sedoso (gen L4/L1), pedigree oficial y envíos seguros.",USD,Ecuador,Aeropuerto Regional de Chachoan (ATF),"Abrirle las puertas a un Bulldog Francés Fluffy en Ambato, Ecuador, es incorporar distinción y ternura a la rutina familiar en la Sierra. Su exquisito manto largo de textura sedosa, derivado de la genética L4/L1, brinda un toque único de belleza que resalta en cualquier entorno. Gracias a su tamaño compacto y naturaleza serena, se adapta con soltura tanto a la vida en departamento como a casas con patio en el clima templado andino. Nos regimos por los más altos estándares caninos: entregamos los cachorros con pedigree oficial comprobado, garantía contractual de salud y carnet de vacunas completo. Coordinamos un traslado VIP especializado con llegada al Aeropuerto Regional de Chachoan (ATF)."
http://dinastiabulldogfluffy.com,venta,bulldog-frances-fluffy-asuncion,Bulldog Francés Fluffy en Asunción,"Venta de cachorros Bulldog Francés Fluffy en Asunción. Criadero especializado con pelaje largo (gen L4/L1), pedigree de pureza y garantía de salud.",PYG,Paraguay,Aeropuerto Internacional Silvio Pettirossi (ASU),"Para las familias que buscan un compañero distinguido en Asunción, Paraguay, el Bulldog Francés Fluffy es la expresión máxima de encanto canino. La variante genética L4/L1 dota a este cachorro de un pelaje largo y sedoso al tacto, marcando una clara diferencia visual y táctil con el bulldog tradicional. Su temperamento afectuoso y pausado lo vuelve idóneo para departamentos en sectores exclusivos como Villa Morra y tardes de descanso en espacios climatizados. Entregamos a cada ejemplar con respaldo total: pedigree oficial de pureza genética, certificado de garantía médica por escrito y esquema de vacunas/desparasitación al día. Aseguramos su llegada en óptimas condiciones con un traslado VIP al Aeropuerto Internacional Silvio Pettirossi (ASU)."
http://dinastiabulldogfluffy.com,venta,bulldog-frances-fluffy-ciudad-del-este,Bulldog Francés Fluffy en Ciudad del Este,"Encuentra cachorros Bulldog Francés Fluffy en Ciudad del Este. Ejemplares puros de lujo con pelo sedoso (gen L4/L1), pedigree oficial y envíos seguros.",PYG,Paraguay,Aeropuerto Internacional Guaraní (AGT),"El Bulldog Francés Fluffy ha ganado gran popularidad en Ciudad del Este, Paraguay, cautivando por su singular belleza y naturaleza fiel. El tupido pelaje largo que viste su cuerpo proviene del marcador genético L4/L1, dándole una apariencia esponjosa única y una suavidad maravillosa al acariciarlo. Es un perro de excelente comportamiento en interiores, perfecto para departamentos y condominios cerrados en Alto Paraná. Como criadero ético y especializado, proporcionamos pedigree oficial de raza pura, garantía de salud por escrito ante enfermedades hereditarias y su plan completo de vacunas y desparasitación. El traslado del cachorro se realiza bajo estrictos estándares VIP hasta el Aeropuerto Internacional Guaraní (AGT)."
http://dinastiabulldogfluffy.com,venta,bulldog-frances-fluffy-san-lorenzo,Bulldog Francés Fluffy en San Lorenzo,"Venta de cachorros Bulldog Francés Fluffy en San Lorenzo. Criadero especializado con pelaje largo (gen L4/L1), pedigree de pureza y garantía de salud.",PYG,Paraguay,Aeropuerto Internacional Silvio Pettirossi (ASU),"Tener un Bulldog Francés Fluffy en San Lorenzo, Paraguay, es disfrutar de una mascota de lujo con un temperamento inmejorable. Su manto de pelo largo, suave y brillante es el resultado de la variante genética L4/L1, convirtiéndolo en un canino sumamente llamativo y entrañable. Su tamaño compacto y carácter equilibrado le facilitan una perfecta adaptabilidad a pisos y residencias familiares, disfrutando del ambiente tranquilo del hogar. Garantizamos la máxima tranquilidad a los futuros propietarios entregando a cada perro con su pedigree oficial de pureza, garantía de salud por escrito y libreta de vacunas completa. Su viaje es coordinado minuciosamente con nuestro protocolo VIP en el Aeropuerto Internacional Silvio Pettirossi (ASU)."
http://dinastiabulldogfluffy.com,venta,bulldog-frances-fluffy-luque,Bulldog Francés Fluffy en Luque,"Encuentra cachorros Bulldog Francés Fluffy en Luque. Ejemplares puros de lujo con pelo sedoso (gen L4/L1), pedigree oficial y envíos seguros.",PYG,Paraguay,Aeropuerto Internacional Silvio Pettirossi (ASU),"El Bulldog Francés Fluffy se impone como la opción preferida por las familias de Luque, Paraguay, que buscan elegancia y verdadero afecto canino. Su espectacular capa de pelo largo de textura sedosa es generada por el gen L4/L1, lo que le otorga ese look abrigado y esponjoso tan codiciado en la raza. Es un compañero alegre pero calmado, ideal para integrarse a la vida en departamento o casas residenciales cerca de la capital. En nuestro criadero nos aseguramos de que recibas un cachorro saludable: lo entregamos con su certificado genético y pedigree oficial, garantía escrita de salud y esquema de vacunas/desparasitación al día. Su llegada se efectúa con la más alta seguridad en modalidad VIP al Aeropuerto Internacional Silvio Pettirossi (ASU)."
http://dinastiabulldogfluffy.com,venta,bulldog-frances-fluffy-capiata,Bulldog Francés Fluffy en Capiatá,"Venta de cachorros Bulldog Francés Fluffy en Capiatá. Criadero especializado con pelaje largo (gen L4/L1), pedigree de pureza y garantía de salud.",PYG,Paraguay,Aeropuerto Internacional Silvio Pettirossi (ASU),"Criar y desarrollar la línea de Bulldog Francés Fluffy para familias en Capiatá requiere entender tanto el clima cálido paraguayo como las exigencias del estándar racial. Esta maravillosa variedad exótica, caracterizada por la presencia genotípica de las variantes genéticas L4 o L1 responsable de su manto abrigado pero sedoso y de fácil mantenimiento, se integra sin problemas a las viviendas familiares y quintas de la zona. Para garantizar la máxima pureza de sangre, cada ejemplar cuenta con certificado de pedigree oficial registrado. La salud es nuestra mayor prioridad: entregamos a los cachorros con esquema sanitario riguroso (vacunas quintuples/sextuples al día y desparasitaciones periódicas) junto a garantía médica por escrito. El traslado aéreo hasta el Aeropuerto Internacional Silvio Pettirossi (ASU) se efectúa mediante un servicio VIP climatizado en cabina, asegurando que tu nuevo compañero llegue en óptimas condiciones a Capiatá, Paraguay."
http://dinastiabulldogfluffy.com,venta,bulldog-frances-fluffy-lima,Bulldog Francés Fluffy en Lima,"Encuentra cachorros Bulldog Francés Fluffy en Lima. Ejemplares puros de lujo con pelo sedoso (gen L4/L1), pedigree oficial y envíos seguros.",PEN,Perú,Aeropuerto Internacional Jorge Chávez (LIM),"En una metrópoli con diversidad de microclimas como Lima, el Bulldog Francés Fluffy representa la combinación ideal de elegancia urbana y temperamento apacible. La singularidad de su pelaje largo y aterciopelado proviene de las variantes recesivas L1 y L4 del gen de pelo largo, un rasgo genético probado mediante paneles de ADN que complementan su pedigree de linaje internacional. Ya sea para pasear por los malecones costeros o convivir holgadamente en departamentos céntricos, su carácter adaptable facilita su rutina diaria. Garantizamos la entrega de cada cachorro con su cartilla veterinaria al día, inmunización completa y garantía escrita de salud contra patologías congénitas. Nuestro servicio de transporte VIP aéreo arriba directamente al Aeropuerto Internacional Jorge Chávez (LIM), cuidando cada detalle del viaje para que recibas a tu cachorro en Lima, Perú, con total bienestar y seguridad."
http://dinastiabulldogfluffy.com,venta,bulldog-frances-fluffy-arequipa,Bulldog Francés Fluffy en Arequipa,"Venta de cachorros Bulldog Francés Fluffy en Arequipa. Criadero especializado con pelaje largo (gen L4/L1), pedigree de pureza y garantía de salud.",PEN,Perú,Aeropuerto Internacional Rodríguez Ballón (AQP),"En la Ciudad Blanca de Arequipa, el clima templado y seco resulta idóneo para el desarrollo de un Bulldog Francés Fluffy de alta alcurnia. La deslumbrante capa de pelo largo y suave que distingue a esta variante exótica está científicamente determinada por los alelos L4 y L1, ofreciendo un aspecto majestuoso respaldado por pedigree de registro oficial. Sus hábitos tranquilos y tamaño compacto hacen que disfrute tanto de los interiores de las residencias arequipeñas como de breves caminatas matutinas. Ofrecemos protección integral al comprador mediante garantías escritas de salud, esquema inmunológico al día y evaluaciones veterinarias previas al embarque. El envío se coordina mediante logística VIP con atención personalizada hasta el Aeropuerto Internacional Rodríguez Ballón (AQP), garantizando que el cachorro arribe a Arequipa, Perú, relajado y listo para sumarse a su nuevo hogar."
http://dinastiabulldogfluffy.com,venta,bulldog-frances-fluffy-trujillo,Bulldog Francés Fluffy en Trujillo,"Encuentra cachorros Bulldog Francés Fluffy en Trujillo. Ejemplares puros de lujo con pelo sedoso (gen L4/L1), pedigree oficial y envíos seguros.",PEN,Perú,Aeropuerto Internacional Capitán FAP Carlos Martínez de Pinillos (TRU),"La frescura primaveral de Trujillo convierte a la Capital de la Primavera en un entorno acogedor para albergar a un Bulldog Francés Fluffy de estirpe refinada. La belleza de su pelaje esponjoso y sedoso se debe a la selección genética especializada de los genes L1/L4, complementada con un certificado de pedigree que avala su linaje puro. Esta raza muestra un comportamiento dócil y afectuoso que se amolda maravillosamente a departamentos o casas urbanas trujillanas. Priorizamos la seguridad biológica entregando cada ejemplar vacunado, desparasitado y respaldado por una garantía de salud contractual. La travesía de tu mascota se realiza bajo estrictos estándares VIP de confort aéreo, descendiendo en el Aeropuerto Internacional Capitán FAP Carlos Martínez de Pinillos (TRU) para una recepción sin contratiempos en Trujillo, Perú."
http://dinastiabulldogfluffy.com,venta,bulldog-frances-fluffy-chiclayo,Bulldog Francés Fluffy en Chiclayo,"Venta de cachorros Bulldog Francés Fluffy en Chiclayo. Criadero especializado con pelaje largo (gen L4/L1), pedigree de pureza y garantía de salud.",PEN,Perú,Aeropuerto Internacional Capitán FAP José A. Quiñones (CIX),"Incorporar un cachorro de Bulldog Francés Fluffy en Chiclayo es sumar un miembro distinguido a la familia en la Capital de la Amistad. La exuberante cobertura folicular que caracteriza a estos ejemplares es producto directo de la expresión genética L4/L1, ofreciendo esa textura afelpada única unida a la trazabilidad de su pedigree oficial. Su temperamento equilibrado lo convierte en una compañía encantadora tanto para espacios cerrados en el centro urbano como para áreas residenciales de Chiclayo. Brindamos respaldo técnico absoluto: esquema de vacunación completo para su edad, desparasitación al día y garantía médica escrita. Su viaje se efectúa en condiciones VIP de máxima atención durante el trayecto hacia el Aeropuerto Internacional Capitán FAP José A. Quiñones (CIX), garantizando una transición placentera hacia Perú."
http://dinastiabulldogfluffy.com,venta,bulldog-frances-fluffy-piura,Bulldog Francés Fluffy en Piura,"Encuentra cachorros Bulldog Francés Fluffy en Piura. Ejemplares puros de lujo con pelo sedoso (gen L4/L1), pedigree oficial y envíos seguros.",PEN,Perú,Aeropuerto Internacional Capitán FAP Guillermo Concha Iberico (PIU),"Frente al ambiente cálido de Piura, la tenencia responsable de un Bulldog Francés Fluffy exige ejemplares de excelente estructura y salud comprobada. Esta codiciada línea destaca por su manto suave de longitud extendida, resultado de los marcadores genéticos L1 y L4, acompañado de su correspondiente pedigree que certifica su genealogía pura. Al ser una raza de compañía por excelencia, se climatiza fácilmente en hogares con aire acondicionado y departamentos confortables. Aseguramos un estado de salud óptimo mediante controles sanitarios rigurosos, vacunas al día y garantía de salud por escrito. El traslado aéreo VIP con control de temperatura está minuciosamente planificado hasta el Aeropuerto Internacional Capitán FAP Guillermo Concha Iberico (PIU), permitiendo que el cachorro pise suelo piurano en Perú en impecables condiciones."
http://dinastiabulldogfluffy.com,venta,bulldog-frances-fluffy-montevideo,Bulldog Francés Fluffy en Montevideo,"Venta de cachorros Bulldog Francés Fluffy en Montevideo. Criadero especializado con pelaje largo (gen L4/L1), pedigree de pureza y garantía de salud.",UYU,Uruguay,Aeropuerto Internacional de Carrasco (MVD),"En los tranquilos barrios residenciales y paseos rambleros de Montevideo, el Bulldog Francés Fluffy destaca por su porte distinguido y su carácter sumamente apacible. La suave y densa cabellera de esta mutación de pelo largo proviene de la acertada combinación de los genes L4 y L1, una característica autenticada por su pedigree de registro internacional. Su tamaño moderado resulta idóneo para la vida en pisos o casas costeras uruguayas. Cada cachorro sale de nuestro criadero con esquema de inmunización veterinaria completo, libre de parásitos y protegido por una garantía escrita de salud. La logística de transporte VIP prioriza el confort animal durante todo el vuelo hasta el Aeropuerto Internacional de Carrasco (MVD), asegurando una llegada perfecta para tu nuevo integrante en Montevideo, Uruguay."
http://dinastiabulldogfluffy.com,venta,bulldog-frances-fluffy-salto,Bulldog Francés Fluffy en Salto,"Encuentra cachorros Bulldog Francés Fluffy en Salto. Ejemplares puros de lujo con pelo sedoso (gen L4/L1), pedigree oficial y envíos seguros.",UYU,Uruguay,Aeropuerto Internacional de Nueva Hespérides (STY),"Llevar un ejemplar de Bulldog Francés Fluffy a Salto representa introducir la más alta calidad cinológica en el litoral uruguayo. El espectacular manto largo y sedoso de esta variedad es fruto de la presencia documentada del gen L1/L4, respaldado por su pedigree oficial que acredita su pureza racial sin reservas. Es un can de compañía excepcional, muy adaptable tanto a interiores amplios como a viviendas urbanas en Salto. Cumplimos con exigentes normas veterinarias: entrega con esquema vacunal al día, desparasitación previa y garantía escrita contra anomalías hereditarias. Organizamos un traslado VIP especializado hasta el Aeropuerto Internacional de Nueva Hespérides (STY), cuidando que la travesía aérea sea una experiencia placentera y segura hacia Uruguay."
http://dinastiabulldogfluffy.com,venta,bulldog-frances-fluffy-ciudad-de-la-costa,Bulldog Francés Fluffy en Ciudad de la Costa,"Venta de cachorros Bulldog Francés Fluffy en Ciudad de la Costa. Criadero especializado con pelaje largo (gen L4/L1), pedigree de pureza y garantía de salud.",UYU,Uruguay,Aeropuerto Internacional de Carrasco (MVD),"La atmósfera apacible y cercana al mar en Ciudad de la Costa es el escenario perfecto para ver crecer a un Bulldog Francés Fluffy. La particularidad de su pelaje fino y abultado deviene de la portación seleccionada del gen de pelo largo L4 y L1, rasgo complementado por su certificado de pedigree internacional. Su carácter manso, cariñoso y de baja exigencia física lo convierte en la mascota ideal para departamentos o viviendas de playa en Uruguay. Velamos por el bienestar de tu mascota entregándola con la pauta de vacunación completa, libre de endoparásitos y con garantía médica por escrito. El traslado VIP se coordina directamente a través del cercano Aeropuerto Internacional de Carrasco (MVD), garantizando un viaje rápido y confortable para tu cachorro en Ciudad de la Costa."
http://dinastiabulldogfluffy.com,venta,bulldog-frances-fluffy-paysandu,Bulldog Francés Fluffy en Paysandú,"Encuentra cachorros Bulldog Francés Fluffy en Paysandú. Ejemplares puros de lujo con pelo sedoso (gen L4/L1), pedigree oficial y envíos seguros.",UYU,Uruguay,Aeropuerto Internacional Tydeo Larre Borges (PDU),"En la histórica ciudad de Paysandú, la preferencia por perros exóticos de compañía encuentra en el Bulldog Francés Fluffy a su máximo exponente. Esta preciosa variedad resalta por su cobertura pilosa prolongada y sedosa, heredada a través de la genética de los alelos L1 y L4 y avalada por pedigree oficial de pureza de raza. Su extraordinaria docilidad permite un acoplamiento armónico en departamentos o casas familiares en el entorno urbano uruguayo. Respaldamos cada adopción con una estricta garantía de salud por escrito, junto a su carné de vacunas vigentes y tratamiento antiparasitario. La entrega se realiza mediante transporte aéreo VIP personalizado hasta el Aeropuerto Internacional Tydeo Larre Borges (PDU), velando por la seguridad de la mascota durante todo el trayecto hacia Paysandú, Uruguay."
http://dinastiabulldogfluffy.com,venta,bulldog-frances-fluffy-maldonado,Bulldog Francés Fluffy en Maldonado,"Venta de cachorros Bulldog Francés Fluffy en Maldonado. Criadero especializado con pelaje largo (gen L4/L1), pedigree de pureza y garantía de salud.",UYU,Uruguay,Aeropuerto Internacional de Laguna del Sauce (PDP),"La elegancia de Maldonado y la cercanía a los principales balnearios uruguayos combinan a la perfección con la exclusividad de un Bulldog Francés Fluffy. Su fascinante capa de pelo largo y suave es resultado directo de la herencia del gen L4/L1, cuya autenticidad se demuestra mediante pedigree con registro genealógico comprobado. Posee una afabilidad natural que le permite adaptarse sin esfuerzo a la vida en modernos departamentos o chalets de la zona. Ofrecemos respaldo veterinario integral: certificado de salud firmado por escrito, esquema vacunal al día y desparasitaciones pertinentes. El envío VIP está diseñado para ofrecer el máximo confort aéreo con llegada al Aeropuerto Internacional de Laguna del Sauce (PDP), asegurando que tu cachorro arribe a Maldonado, Uruguay, en perfecto estado."
http://dinastiabulldogfluffy.com,venta,bulldog-frances-fluffy-caracas,Bulldog Francés Fluffy en Caracas,"Encuentra cachorros Bulldog Francés Fluffy en Caracas. Ejemplares puros de lujo con pelo sedoso (gen L4/L1), pedigree oficial y envíos seguros.",VES,Venezuela,Aeropuerto Internacional Simón Bolívar (CCS),"En el entorno urbano de Caracas, entre valles y zonas residenciales, el Bulldog Francés Fluffy se posiciona como el compañero ideal de la alta sociedad venezolana. El exuberante pelo sedoso que viste su figura está determinado por la homocigosis o heterocigosis de los genes L1/L4, atributo reafirmado por su pedigree de linaje certificado. Gracias a su carácter calmado y sociabilidad, convive maravillosamente en apartamentos caraqueños y áreas climatizadas. Garantizamos una crianza responsable manifestada en una garantía escrita de salud, cartilla de vacunación completa y desparasitación previa al viaje. Su llegada a Venezuela se gestiona mediante un impecable servicio de envío VIP con atención preferencial en el Aeropuerto Internacional Simón Bolívar (CCS) de Maiquetía, listo para recibir su nuevo hogar en Caracas."
http://dinastiabulldogfluffy.com,venta,bulldog-frances-fluffy-maracaibo,Bulldog Francés Fluffy en Maracaibo,"Venta de cachorros Bulldog Francés Fluffy en Maracaibo. Criadero especializado con pelaje largo (gen L4/L1), pedigree de pureza y garantía de salud.",VES,Venezuela,Aeropuerto Internacional La Chinita (MAR),"Adaptar la llegada de un Bulldog Francés Fluffy a la cálida ciudad de Maracaibo requiere conocimientos especializados en crianza y cuidados térmicos. Esta deslumbrante variante exhibe una melena aterciopelada derivada del gen L4/L1, combinando distinción estética con la validez de un pedigree de pureza de sangre. Al ser una mascota de interior por excelencia, disfruta plenamente de los ambientes climatizados de las viviendas marabinas. Entregamos cada cachorro protegido con garantía de salud por escrito, tratamiento antiparasitario e inmunización completa acorde a su edad. Nuestro protocolo de envío aéreo VIP garantiza una custodia profesional durante el vuelo con aterrizaje en el Aeropuerto Internacional La Chinita (MAR), asegurando la entrega perfecta de tu nuevo cachorro en Maracaibo, Venezuela."
http://dinastiabulldogfluffy.com,venta,bulldog-frances-fluffy-valencia,Bulldog Francés Fluffy en Valencia,"Encuentra cachorros Bulldog Francés Fluffy en Valencia. Ejemplares puros de lujo con pelo sedoso (gen L4/L1), pedigree oficial y envíos seguros.",VES,Venezuela,Aeropuerto Internacional Arturo Michelena (VLN),"La próspera ciudad industrial de Valencia, Venezuela, abre sus puertas al encanto exótico del Bulldog Francés Fluffy. El rasgo definitivo de esta raza —su pelaje sedoso y de mayor extensión— proviene de la selección científica de los genes L1 y L4, respaldado siempre por su pedigree oficial que acredita su genealogía sin tacha. Su carácter apacible, afectuoso y de fácil adiestramiento es perfecto para viviendas familiares o condominios cerrados en Valencia. Ofrecemos total garantía médica por escrito, acompañada del esquema de vacunas al día y desparasitaciones al corriente. La coordinación del viaje aéreo VIP se realiza bajo minuciosas normas de bienestar animal hacia el Aeropuerto Internacional Arturo Michelena (VLN), asegurando que el cachorro comience su vida en Valencia con total tranquilidad."
http://dinastiabulldogfluffy.com,venta,bulldog-frances-fluffy-barquisimeto,Bulldog Francés Fluffy en Barquisimeto,"Venta de cachorros Bulldog Francés Fluffy en Barquisimeto. Criadero especializado con pelaje largo (gen L4/L1), pedigree de pureza y garantía de salud.",VES,Venezuela,Aeropuerto Internacional Jacinto Lara (BRM),"Conocida como la Ciudad de los Crepúsculos, Barquisimeto ofrece un marco ideal para disfrutar de la compañía de un Bulldog Francés Fluffy. Su particular pelaje denso y afelpado es la expresión fenotípica de las variantes genéticas L4 y L1, cuya pureza queda demostrada en su pedigree con certificación internacional. Su temperamento dócil y moderado nivel de energía facilitan su adaptación tanto a casas con jardín como a departamentos céntricos barquisimetanos. Nos comprometemos con el bienestar canino entregando ejemplares inmunizados con vacunas al día, desparasitados y con garantía escrita de salud. El viaje de tu mascota se efectúa a través de un servicio aéreo VIP acondicionado que aterriza en el Aeropuerto Internacional Jacinto Lara (BRM), garantizando una bienvenida segura en Barquisimeto, Venezuela."
http://dinastiabulldogfluffy.com,venta,bulldog-frances-fluffy-maracay,Bulldog Francés Fluffy en Maracay,"Encuentra cachorros Bulldog Francés Fluffy en Maracay. Ejemplares puros de lujo con pelo sedoso (gen L4/L1), pedigree oficial y envíos seguros.",VES,Venezuela,Aeropuerto Los Tacariguas (MYC),"En Maracay, la Ciudad Jardín de Venezuela, el Bulldog Francés Fluffy destaca como una elección distinguida para los amantes de la cinofilia exótica. La suntuosa capa de pelo largo que ostenta deviene de la portación probada del gen L1/L4, acompañada de su pedigree oficial que certifica sus ancestros de raza pura. Su carácter equilibrado y comportamiento amistoso le permiten aclimatarse estupendamente en hogares con áreas frescas y departamentos modernos. Priorizamos la seguridad sanitaria mediante vacunas al día, esquema de desparasitación y garantía médica escrita ante cualquier imprevisto. El traslado aéreo VIP se organiza con máximo cuidado y monitoreo continuo hacia el Aeropuerto Los Tacariguas (MYC), garantizando una experiencia de recepción intachable en Maracay, Venezuela."
